label,path
0,kana_images/あ/あ-07YsashisaGothicTegaki_Regular.png
0,kana_images/あ/あ-851MkPOP_Regular.png
0,kana_images/あ/あ-ArmedBanana_Regular.png
0,kana_images/あ/あ-Chihaya_Jyun_Regular.png
0,kana_images/あ/あ-darts_font_Regular.png
0,kana_images/あ/あ-Dining_message_Regular.png
0,kana_images/あ/あ-ElmerFont_Regular.png
0,kana_images/あ/あ-Ghatee_Regular.png
0,kana_images/あ/あ-Gyate-Luminescence_Regular.png
0,kana_images/あ/あ-HGKyokashotai_Medium.png
0,kana_images/あ/あ-HonyaJi-Re_Regular.png
0,kana_images/あ/あ-HuiFont_Regular.png
0,kana_images/あ/あ-IPAGothic_Regular.png
0,kana_images/あ/あ-Jiyucho_Regular.png
0,kana_images/あ/あ-KanjiStrokeOrders_Regular.png
0,kana_images/あ/あ-kouichi_sakurai_font_felt_pen_Regular.png
0,kana_images/あ/あ-K_Gothic_Regular.png
0,kana_images/あ/あ-MakibaFont_Regular.png
0,kana_images/あ/あ-mikachan_Regular.png
0,kana_images/あ/あ-Mikiyu_Font_NEW-PENJI-_P__Regular.png
0,kana_images/あ/あ-mitsufont2_Regular.png
0,kana_images/あ/あ-MotoyaLCedar_W3_mono.png
0,kana_images/あ/あ-MotoyaLMaru_W3_mono.png
0,kana_images/あ/あ-Mplus_1p_Light_Regular.png
0,kana_images/あ/あ-Mplus_1p_Regular.png
0,kana_images/あ/あ-Mplus_1p_Thin_Regular.png
0,kana_images/あ/あ-Mushin_Regular.png
0,kana_images/あ/あ-Nagurigaki_Crayon_Regular.png
0,kana_images/あ/あ-SanafonKazariV2_70_Regular.png
0,kana_images/あ/あ-SanafonMaru_Regular.png
0,kana_images/あ/あ-SanafonMugiV2_60_Regular.png
0,kana_images/あ/あ-SanafonYu_Regular.png
0,kana_images/あ/あ-SanaFon_Regular.png
0,kana_images/あ/あ-ShigotoMemogaki_Regular.png
0,kana_images/あ/あ-SistersFS_Regular.png
0,kana_images/あ/あ-YOzFontA-Pro-B_B.png
0,kana_images/あ/あ-YOzFontA-Pro-R_Regular.png
0,kana_images/あ/あ-yutaCoco-P-OT-Regular_Regular.png
0,kana_images/あ/あ-Yuzu_PenJiN_M__Regular.png
1,kana_images/い/い-07YsashisaGothicTegaki_Regular.png
1,kana_images/い/い-851MkPOP_Regular.png
1,kana_images/い/い-ArmedBanana_Regular.png
1,kana_images/い/い-Chihaya_Jyun_Regular.png
1,kana_images/い/い-darts_font_Regular.png
1,kana_images/い/い-Dining_message_Regular.png
1,kana_images/い/い-ElmerFont_Regular.png
1,kana_images/い/い-Ghatee_Regular.png
1,kana_images/い/い-Gyate-Luminescence_Regular.png
1,kana_images/い/い-HGKyokashotai_Medium.png
1,kana_images/い/い-HonyaJi-Re_Regular.png
1,kana_images/い/い-HuiFont_Regular.png
1,kana_images/い/い-IPAGothic_Regular.png
1,kana_images/い/い-Jiyucho_Regular.png
1,kana_images/い/い-KanjiStrokeOrders_Regular.png
1,kana_images/い/い-kouichi_sakurai_font_felt_pen_Regular.png
1,kana_images/い/い-K_Gothic_Regular.png
1,kana_images/い/い-MakibaFont_Regular.png
1,kana_images/い/い-mikachan_Regular.png
1,kana_images/い/い-Mikiyu_Font_NEW-PENJI-_P__Regular.png
1,kana_images/い/い-mitsufont2_Regular.png
1,kana_images/い/い-MotoyaLCedar_W3_mono.png
1,kana_images/い/い-MotoyaLMaru_W3_mono.png
1,kana_images/い/い-Mplus_1p_Light_Regular.png
1,kana_images/い/い-Mplus_1p_Regular.png
1,kana_images/い/い-Mplus_1p_Thin_Regular.png
1,kana_images/い/い-Mushin_Regular.png
1,kana_images/い/い-Nagurigaki_Crayon_Regular.png
1,kana_images/い/い-SanafonKazariV2_70_Regular.png
1,kana_images/い/い-SanafonMaru_Regular.png
1,kana_images/い/い-SanafonMugiV2_60_Regular.png
1,kana_images/い/い-SanafonYu_Regular.png
1,kana_images/い/い-SanaFon_Regular.png
1,kana_images/い/い-ShigotoMemogaki_Regular.png
1,kana_images/い/い-SistersFS_Regular.png
1,kana_images/い/い-YOzFontA-Pro-B_B.png
1,kana_images/い/い-YOzFontA-Pro-R_Regular.png
1,kana_images/い/い-yutaCoco-P-OT-Regular_Regular.png
1,kana_images/い/い-Yuzu_PenJiN_M__Regular.png
2,kana_images/う/う-07YsashisaGothicTegaki_Regular.png
2,kana_images/う/う-851MkPOP_Regular.png
2,kana_images/う/う-ArmedBanana_Regular.png
2,kana_images/う/う-Chihaya_Jyun_Regular.png
2,kana_images/う/う-darts_font_Regular.png
2,kana_images/う/う-Dining_message_Regular.png
2,kana_images/う/う-ElmerFont_Regular.png
2,kana_images/う/う-Ghatee_Regular.png
2,kana_images/う/う-Gyate-Luminescence_Regular.png
2,kana_images/う/う-HGKyokashotai_Medium.png
2,kana_images/う/う-HonyaJi-Re_Regular.png
2,kana_images/う/う-HuiFont_Regular.png
2,kana_images/う/う-IPAGothic_Regular.png
2,kana_images/う/う-Jiyucho_Regular.png
2,kana_images/う/う-KanjiStrokeOrders_Regular.png
2,kana_images/う/う-kouichi_sakurai_font_felt_pen_Regular.png
2,kana_images/う/う-K_Gothic_Regular.png
2,kana_images/う/う-MakibaFont_Regular.png
2,kana_images/う/う-mikachan_Regular.png
2,kana_images/う/う-Mikiyu_Font_NEW-PENJI-_P__Regular.png
2,kana_images/う/う-mitsufont2_Regular.png
2,kana_images/う/う-MotoyaLCedar_W3_mono.png
2,kana_images/う/う-MotoyaLMaru_W3_mono.png
2,kana_images/う/う-Mplus_1p_Light_Regular.png
2,kana_images/う/う-Mplus_1p_Regular.png
2,kana_images/う/う-Mplus_1p_Thin_Regular.png
2,kana_images/う/う-Mushin_Regular.png
2,kana_images/う/う-Nagurigaki_Crayon_Regular.png
2,kana_images/う/う-SanafonKazariV2_70_Regular.png
2,kana_images/う/う-SanafonMaru_Regular.png
2,kana_images/う/う-SanafonMugiV2_60_Regular.png
2,kana_images/う/う-SanafonYu_Regular.png
2,kana_images/う/う-SanaFon_Regular.png
2,kana_images/う/う-ShigotoMemogaki_Regular.png
2,kana_images/う/う-SistersFS_Regular.png
2,kana_images/う/う-YOzFontA-Pro-B_B.png
2,kana_images/う/う-YOzFontA-Pro-R_Regular.png
2,kana_images/う/う-yutaCoco-P-OT-Regular_Regular.png
2,kana_images/う/う-Yuzu_PenJiN_M__Regular.png
3,kana_images/え/え-07YsashisaGothicTegaki_Regular.png
3,kana_images/え/え-851MkPOP_Regular.png
3,kana_images/え/え-ArmedBanana_Regular.png
3,kana_images/え/え-Chihaya_Jyun_Regular.png
3,kana_images/え/え-darts_font_Regular.png
3,kana_images/え/え-Dining_message_Regular.png
3,kana_images/え/え-ElmerFont_Regular.png
3,kana_images/え/え-Ghatee_Regular.png
3,kana_images/え/え-Gyate-Luminescence_Regular.png
3,kana_images/え/え-HGKyokashotai_Medium.png
3,kana_images/え/え-HonyaJi-Re_Regular.png
3,kana_images/え/え-HuiFont_Regular.png
3,kana_images/え/え-IPAGothic_Regular.png
3,kana_images/え/え-Jiyucho_Regular.png
3,kana_images/え/え-KanjiStrokeOrders_Regular.png
3,kana_images/え/え-kouichi_sakurai_font_felt_pen_Regular.png
3,kana_images/え/え-K_Gothic_Regular.png
3,kana_images/え/え-MakibaFont_Regular.png
3,kana_images/え/え-mikachan_Regular.png
3,kana_images/え/え-Mikiyu_Font_NEW-PENJI-_P__Regular.png
3,kana_images/え/え-mitsufont2_Regular.png
3,kana_images/え/え-MotoyaLCedar_W3_mono.png
3,kana_images/え/え-MotoyaLMaru_W3_mono.png
3,kana_images/え/え-Mplus_1p_Light_Regular.png
3,kana_images/え/え-Mplus_1p_Regular.png
3,kana_images/え/え-Mplus_1p_Thin_Regular.png
3,kana_images/え/え-Mushin_Regular.png
3,kana_images/え/え-Nagurigaki_Crayon_Regular.png
3,kana_images/え/え-SanafonKazariV2_70_Regular.png
3,kana_images/え/え-SanafonMaru_Regular.png
3,kana_images/え/え-SanafonMugiV2_60_Regular.png
3,kana_images/え/え-SanafonYu_Regular.png
3,kana_images/え/え-SanaFon_Regular.png
3,kana_images/え/え-ShigotoMemogaki_Regular.png
3,kana_images/え/え-SistersFS_Regular.png
3,kana_images/え/え-YOzFontA-Pro-B_B.png
3,kana_images/え/え-YOzFontA-Pro-R_Regular.png
3,kana_images/え/え-yutaCoco-P-OT-Regular_Regular.png
3,kana_images/え/え-Yuzu_PenJiN_M__Regular.png
4,kana_images/お/お-07YsashisaGothicTegaki_Regular.png
4,kana_images/お/お-851MkPOP_Regular.png
4,kana_images/お/お-ArmedBanana_Regular.png
4,kana_images/お/お-Chihaya_Jyun_Regular.png
4,kana_images/お/お-darts_font_Regular.png
4,kana_images/お/お-Dining_message_Regular.png
4,kana_images/お/お-ElmerFont_Regular.png
4,kana_images/お/お-Ghatee_Regular.png
4,kana_images/お/お-Gyate-Luminescence_Regular.png
4,kana_images/お/お-HGKyokashotai_Medium.png
4,kana_images/お/お-HonyaJi-Re_Regular.png
4,kana_images/お/お-HuiFont_Regular.png
4,kana_images/お/お-IPAGothic_Regular.png
4,kana_images/お/お-Jiyucho_Regular.png
4,kana_images/お/お-KanjiStrokeOrders_Regular.png
4,kana_images/お/お-kouichi_sakurai_font_felt_pen_Regular.png
4,kana_images/お/お-K_Gothic_Regular.png
4,kana_images/お/お-MakibaFont_Regular.png
4,kana_images/お/お-mikachan_Regular.png
4,kana_images/お/お-Mikiyu_Font_NEW-PENJI-_P__Regular.png
4,kana_images/お/お-mitsufont2_Regular.png
4,kana_images/お/お-MotoyaLCedar_W3_mono.png
4,kana_images/お/お-MotoyaLMaru_W3_mono.png
4,kana_images/お/お-Mplus_1p_Light_Regular.png
4,kana_images/お/お-Mplus_1p_Regular.png
4,kana_images/お/お-Mplus_1p_Thin_Regular.png
4,kana_images/お/お-Mushin_Regular.png
4,kana_images/お/お-Nagurigaki_Crayon_Regular.png
4,kana_images/お/お-SanafonKazariV2_70_Regular.png
4,kana_images/お/お-SanafonMaru_Regular.png
4,kana_images/お/お-SanafonMugiV2_60_Regular.png
4,kana_images/お/お-SanafonYu_Regular.png
4,kana_images/お/お-SanaFon_Regular.png
4,kana_images/お/お-ShigotoMemogaki_Regular.png
4,kana_images/お/お-SistersFS_Regular.png
4,kana_images/お/お-YOzFontA-Pro-B_B.png
4,kana_images/お/お-YOzFontA-Pro-R_Regular.png
4,kana_images/お/お-yutaCoco-P-OT-Regular_Regular.png
4,kana_images/お/お-Yuzu_PenJiN_M__Regular.png
5,kana_images/か/か-07YsashisaGothicTegaki_Regular.png
5,kana_images/か/か-851MkPOP_Regular.png
5,kana_images/か/か-ArmedBanana_Regular.png
5,kana_images/か/か-Chihaya_Jyun_Regular.png
5,kana_images/か/か-darts_font_Regular.png
5,kana_images/か/か-Dining_message_Regular.png
5,kana_images/か/か-ElmerFont_Regular.png
5,kana_images/か/か-Ghatee_Regular.png
5,kana_images/か/か-Gyate-Luminescence_Regular.png
5,kana_images/か/か-HGKyokashotai_Medium.png
5,kana_images/か/か-HonyaJi-Re_Regular.png
5,kana_images/か/か-HuiFont_Regular.png
5,kana_images/か/か-IPAGothic_Regular.png
5,kana_images/か/か-Jiyucho_Regular.png
5,kana_images/か/か-KanjiStrokeOrders_Regular.png
5,kana_images/か/か-kouichi_sakurai_font_felt_pen_Regular.png
5,kana_images/か/か-K_Gothic_Regular.png
5,kana_images/か/か-MakibaFont_Regular.png
5,kana_images/か/か-mikachan_Regular.png
5,kana_images/か/か-Mikiyu_Font_NEW-PENJI-_P__Regular.png
5,kana_images/か/か-mitsufont2_Regular.png
5,kana_images/か/か-MotoyaLCedar_W3_mono.png
5,kana_images/か/か-MotoyaLMaru_W3_mono.png
5,kana_images/か/か-Mplus_1p_Light_Regular.png
5,kana_images/か/か-Mplus_1p_Regular.png
5,kana_images/か/か-Mplus_1p_Thin_Regular.png
5,kana_images/か/か-Mushin_Regular.png
5,kana_images/か/か-Nagurigaki_Crayon_Regular.png
5,kana_images/か/か-SanafonKazariV2_70_Regular.png
5,kana_images/か/か-SanafonMaru_Regular.png
5,kana_images/か/か-SanafonMugiV2_60_Regular.png
5,kana_images/か/か-SanafonYu_Regular.png
5,kana_images/か/か-SanaFon_Regular.png
5,kana_images/か/か-ShigotoMemogaki_Regular.png
5,kana_images/か/か-SistersFS_Regular.png
5,kana_images/か/か-YOzFontA-Pro-B_B.png
5,kana_images/か/か-YOzFontA-Pro-R_Regular.png
5,kana_images/か/か-yutaCoco-P-OT-Regular_Regular.png
5,kana_images/か/か-Yuzu_PenJiN_M__Regular.png
6,kana_images/き/き-07YsashisaGothicTegaki_Regular.png
6,kana_images/き/き-851MkPOP_Regular.png
6,kana_images/き/き-ArmedBanana_Regular.png
6,kana_images/き/き-Chihaya_Jyun_Regular.png
6,kana_images/き/き-darts_font_Regular.png
6,kana_images/き/き-Dining_message_Regular.png
6,kana_images/き/き-ElmerFont_Regular.png
6,kana_images/き/き-Ghatee_Regular.png
6,kana_images/き/き-Gyate-Luminescence_Regular.png
6,kana_images/き/き-HGKyokashotai_Medium.png
6,kana_images/き/き-HonyaJi-Re_Regular.png
6,kana_images/き/き-HuiFont_Regular.png
6,kana_images/き/き-IPAGothic_Regular.png
6,kana_images/き/き-Jiyucho_Regular.png
6,kana_images/き/き-KanjiStrokeOrders_Regular.png
6,kana_images/き/き-kouichi_sakurai_font_felt_pen_Regular.png
6,kana_images/き/き-K_Gothic_Regular.png
6,kana_images/き/き-MakibaFont_Regular.png
6,kana_images/き/き-mikachan_Regular.png
6,kana_images/き/き-Mikiyu_Font_NEW-PENJI-_P__Regular.png
6,kana_images/き/き-mitsufont2_Regular.png
6,kana_images/き/き-MotoyaLCedar_W3_mono.png
6,kana_images/き/き-MotoyaLMaru_W3_mono.png
6,kana_images/き/き-Mplus_1p_Light_Regular.png
6,kana_images/き/き-Mplus_1p_Regular.png
6,kana_images/き/き-Mplus_1p_Thin_Regular.png
6,kana_images/き/き-Mushin_Regular.png
6,kana_images/き/き-Nagurigaki_Crayon_Regular.png
6,kana_images/き/き-SanafonKazariV2_70_Regular.png
6,kana_images/き/き-SanafonMaru_Regular.png
6,kana_images/き/き-SanafonMugiV2_60_Regular.png
6,kana_images/き/き-SanafonYu_Regular.png
6,kana_images/き/き-SanaFon_Regular.png
6,kana_images/き/き-ShigotoMemogaki_Regular.png
6,kana_images/き/き-SistersFS_Regular.png
6,kana_images/き/き-YOzFontA-Pro-B_B.png
6,kana_images/き/き-YOzFontA-Pro-R_Regular.png
6,kana_images/き/き-yutaCoco-P-OT-Regular_Regular.png
6,kana_images/き/き-Yuzu_PenJiN_M__Regular.png
7,kana_images/く/く-07YsashisaGothicTegaki_Regular.png
7,kana_images/く/く-851MkPOP_Regular.png
7,kana_images/く/く-ArmedBanana_Regular.png
7,kana_images/く/く-Chihaya_Jyun_Regular.png
7,kana_images/く/く-darts_font_Regular.png
7,kana_images/く/く-Dining_message_Regular.png
7,kana_images/く/く-ElmerFont_Regular.png
7,kana_images/く/く-Ghatee_Regular.png
7,kana_images/く/く-Gyate-Luminescence_Regular.png
7,kana_images/く/く-HGKyokashotai_Medium.png
7,kana_images/く/く-HonyaJi-Re_Regular.png
7,kana_images/く/く-HuiFont_Regular.png
7,kana_images/く/く-IPAGothic_Regular.png
7,kana_images/く/く-Jiyucho_Regular.png
7,kana_images/く/く-KanjiStrokeOrders_Regular.png
7,kana_images/く/く-kouichi_sakurai_font_felt_pen_Regular.png
7,kana_images/く/く-K_Gothic_Regular.png
7,kana_images/く/く-MakibaFont_Regular.png
7,kana_images/く/く-mikachan_Regular.png
7,kana_images/く/く-Mikiyu_Font_NEW-PENJI-_P__Regular.png
7,kana_images/く/く-mitsufont2_Regular.png
7,kana_images/く/く-MotoyaLCedar_W3_mono.png
7,kana_images/く/く-MotoyaLMaru_W3_mono.png
7,kana_images/く/く-Mplus_1p_Light_Regular.png
7,kana_images/く/く-Mplus_1p_Regular.png
7,kana_images/く/く-Mplus_1p_Thin_Regular.png
7,kana_images/く/く-Mushin_Regular.png
7,kana_images/く/く-Nagurigaki_Crayon_Regular.png
7,kana_images/く/く-SanafonKazariV2_70_Regular.png
7,kana_images/く/く-SanafonMaru_Regular.png
7,kana_images/く/く-SanafonMugiV2_60_Regular.png
7,kana_images/く/く-SanafonYu_Regular.png
7,kana_images/く/く-SanaFon_Regular.png
7,kana_images/く/く-ShigotoMemogaki_Regular.png
7,kana_images/く/く-SistersFS_Regular.png
7,kana_images/く/く-YOzFontA-Pro-B_B.png
7,kana_images/く/く-YOzFontA-Pro-R_Regular.png
7,kana_images/く/く-yutaCoco-P-OT-Regular_Regular.png
7,kana_images/く/く-Yuzu_PenJiN_M__Regular.png
8,kana_images/け/け-07YsashisaGothicTegaki_Regular.png
8,kana_images/け/け-851MkPOP_Regular.png
8,kana_images/け/け-ArmedBanana_Regular.png
8,kana_images/け/け-Chihaya_Jyun_Regular.png
8,kana_images/け/け-darts_font_Regular.png
8,kana_images/け/け-Dining_message_Regular.png
8,kana_images/け/け-ElmerFont_Regular.png
8,kana_images/け/け-Ghatee_Regular.png
8,kana_images/け/け-Gyate-Luminescence_Regular.png
8,kana_images/け/け-HGKyokashotai_Medium.png
8,kana_images/け/け-HonyaJi-Re_Regular.png
8,kana_images/け/け-HuiFont_Regular.png
8,kana_images/け/け-IPAGothic_Regular.png
8,kana_images/け/け-Jiyucho_Regular.png
8,kana_images/け/け-KanjiStrokeOrders_Regular.png
8,kana_images/け/け-kouichi_sakurai_font_felt_pen_Regular.png
8,kana_images/け/け-K_Gothic_Regular.png
8,kana_images/け/け-MakibaFont_Regular.png
8,kana_images/け/け-mikachan_Regular.png
8,kana_images/け/け-Mikiyu_Font_NEW-PENJI-_P__Regular.png
8,kana_images/け/け-mitsufont2_Regular.png
8,kana_images/け/け-MotoyaLCedar_W3_mono.png
8,kana_images/け/け-MotoyaLMaru_W3_mono.png
8,kana_images/け/け-Mplus_1p_Light_Regular.png
8,kana_images/け/け-Mplus_1p_Regular.png
8,kana_images/け/け-Mplus_1p_Thin_Regular.png
8,kana_images/け/け-Mushin_Regular.png
8,kana_images/け/け-Nagurigaki_Crayon_Regular.png
8,kana_images/け/け-SanafonKazariV2_70_Regular.png
8,kana_images/け/け-SanafonMaru_Regular.png
8,kana_images/け/け-SanafonMugiV2_60_Regular.png
8,kana_images/け/け-SanafonYu_Regular.png
8,kana_images/け/け-SanaFon_Regular.png
8,kana_images/け/け-ShigotoMemogaki_Regular.png
8,kana_images/け/け-SistersFS_Regular.png
8,kana_images/け/け-YOzFontA-Pro-B_B.png
8,kana_images/け/け-YOzFontA-Pro-R_Regular.png
8,kana_images/け/け-yutaCoco-P-OT-Regular_Regular.png
8,kana_images/け/け-Yuzu_PenJiN_M__Regular.png
9,kana_images/こ/こ-07YsashisaGothicTegaki_Regular.png
9,kana_images/こ/こ-851MkPOP_Regular.png
9,kana_images/こ/こ-ArmedBanana_Regular.png
9,kana_images/こ/こ-Chihaya_Jyun_Regular.png
9,kana_images/こ/こ-darts_font_Regular.png
9,kana_images/こ/こ-Dining_message_Regular.png
9,kana_images/こ/こ-ElmerFont_Regular.png
9,kana_images/こ/こ-Ghatee_Regular.png
9,kana_images/こ/こ-Gyate-Luminescence_Regular.png
9,kana_images/こ/こ-HGKyokashotai_Medium.png
9,kana_images/こ/こ-HonyaJi-Re_Regular.png
9,kana_images/こ/こ-HuiFont_Regular.png
9,kana_images/こ/こ-IPAGothic_Regular.png
9,kana_images/こ/こ-Jiyucho_Regular.png
9,kana_images/こ/こ-KanjiStrokeOrders_Regular.png
9,kana_images/こ/こ-kouichi_sakurai_font_felt_pen_Regular.png
9,kana_images/こ/こ-K_Gothic_Regular.png
9,kana_images/こ/こ-MakibaFont_Regular.png
9,kana_images/こ/こ-mikachan_Regular.png
9,kana_images/こ/こ-Mikiyu_Font_NEW-PENJI-_P__Regular.png
9,kana_images/こ/こ-mitsufont2_Regular.png
9,kana_images/こ/こ-MotoyaLCedar_W3_mono.png
9,kana_images/こ/こ-MotoyaLMaru_W3_mono.png
9,kana_images/こ/こ-Mplus_1p_Light_Regular.png
9,kana_images/こ/こ-Mplus_1p_Regular.png
9,kana_images/こ/こ-Mplus_1p_Thin_Regular.png
9,kana_images/こ/こ-Mushin_Regular.png
9,kana_images/こ/こ-Nagurigaki_Crayon_Regular.png
9,kana_images/こ/こ-SanafonKazariV2_70_Regular.png
9,kana_images/こ/こ-SanafonMaru_Regular.png
9,kana_images/こ/こ-SanafonMugiV2_60_Regular.png
9,kana_images/こ/こ-SanafonYu_Regular.png
9,kana_images/こ/こ-SanaFon_Regular.png
9,kana_images/こ/こ-ShigotoMemogaki_Regular.png
9,kana_images/こ/こ-SistersFS_Regular.png
9,kana_images/こ/こ-YOzFontA-Pro-B_B.png
9,kana_images/こ/こ-YOzFontA-Pro-R_Regular.png
9,kana_images/こ/こ-yutaCoco-P-OT-Regular_Regular.png
9,kana_images/こ/こ-Yuzu_PenJiN_M__Regular.png
10,kana_images/さ/さ-07YsashisaGothicTegaki_Regular.png
10,kana_images/さ/さ-851MkPOP_Regular.png
10,kana_images/さ/さ-ArmedBanana_Regular.png
10,kana_images/さ/さ-Chihaya_Jyun_Regular.png
10,kana_images/さ/さ-darts_font_Regular.png
10,kana_images/さ/さ-Dining_message_Regular.png
10,kana_images/さ/さ-ElmerFont_Regular.png
10,kana_images/さ/さ-Ghatee_Regular.png
10,kana_images/さ/さ-Gyate-Luminescence_Regular.png
10,kana_images/さ/さ-HGKyokashotai_Medium.png
10,kana_images/さ/さ-HonyaJi-Re_Regular.png
10,kana_images/さ/さ-HuiFont_Regular.png
10,kana_images/さ/さ-IPAGothic_Regular.png
10,kana_images/さ/さ-Jiyucho_Regular.png
10,kana_images/さ/さ-KanjiStrokeOrders_Regular.png
10,kana_images/さ/さ-kouichi_sakurai_font_felt_pen_Regular.png
10,kana_images/さ/さ-K_Gothic_Regular.png
10,kana_images/さ/さ-MakibaFont_Regular.png
10,kana_images/さ/さ-mikachan_Regular.png
10,kana_images/さ/さ-Mikiyu_Font_NEW-PENJI-_P__Regular.png
10,kana_images/さ/さ-mitsufont2_Regular.png
10,kana_images/さ/さ-MotoyaLCedar_W3_mono.png
10,kana_images/さ/さ-MotoyaLMaru_W3_mono.png
10,kana_images/さ/さ-Mplus_1p_Light_Regular.png
10,kana_images/さ/さ-Mplus_1p_Regular.png
10,kana_images/さ/さ-Mplus_1p_Thin_Regular.png
10,kana_images/さ/さ-Mushin_Regular.png
10,kana_images/さ/さ-Nagurigaki_Crayon_Regular.png
10,kana_images/さ/さ-SanafonKazariV2_70_Regular.png
10,kana_images/さ/さ-SanafonMaru_Regular.png
10,kana_images/さ/さ-SanafonMugiV2_60_Regular.png
10,kana_images/さ/さ-SanafonYu_Regular.png
10,kana_images/さ/さ-SanaFon_Regular.png
10,kana_images/さ/さ-ShigotoMemogaki_Regular.png
10,kana_images/さ/さ-SistersFS_Regular.png
10,kana_images/さ/さ-YOzFontA-Pro-B_B.png
10,kana_images/さ/さ-YOzFontA-Pro-R_Regular.png
10,kana_images/さ/さ-yutaCoco-P-OT-Regular_Regular.png
10,kana_images/さ/さ-Yuzu_PenJiN_M__Regular.png
11,kana_images/し/し-07YsashisaGothicTegaki_Regular.png
11,kana_images/し/し-851MkPOP_Regular.png
11,kana_images/し/し-ArmedBanana_Regular.png
11,kana_images/し/し-Chihaya_Jyun_Regular.png
11,kana_images/し/し-darts_font_Regular.png
11,kana_images/し/し-Dining_message_Regular.png
11,kana_images/し/し-ElmerFont_Regular.png
11,kana_images/し/し-Ghatee_Regular.png
11,kana_images/し/し-Gyate-Luminescence_Regular.png
11,kana_images/し/し-HGKyokashotai_Medium.png
11,kana_images/し/し-HonyaJi-Re_Regular.png
11,kana_images/し/し-HuiFont_Regular.png
11,kana_images/し/し-IPAGothic_Regular.png
11,kana_images/し/し-Jiyucho_Regular.png
11,kana_images/し/し-KanjiStrokeOrders_Regular.png
11,kana_images/し/し-kouichi_sakurai_font_felt_pen_Regular.png
11,kana_images/し/し-K_Gothic_Regular.png
11,kana_images/し/し-MakibaFont_Regular.png
11,kana_images/し/し-mikachan_Regular.png
11,kana_images/し/し-Mikiyu_Font_NEW-PENJI-_P__Regular.png
11,kana_images/し/し-mitsufont2_Regular.png
11,kana_images/し/し-MotoyaLCedar_W3_mono.png
11,kana_images/し/し-MotoyaLMaru_W3_mono.png
11,kana_images/し/し-Mplus_1p_Light_Regular.png
11,kana_images/し/し-Mplus_1p_Regular.png
11,kana_images/し/し-Mplus_1p_Thin_Regular.png
11,kana_images/し/し-Mushin_Regular.png
11,kana_images/し/し-Nagurigaki_Crayon_Regular.png
11,kana_images/し/し-SanafonKazariV2_70_Regular.png
11,kana_images/し/し-SanafonMaru_Regular.png
11,kana_images/し/し-SanafonMugiV2_60_Regular.png
11,kana_images/し/し-SanafonYu_Regular.png
11,kana_images/し/し-SanaFon_Regular.png
11,kana_images/し/し-ShigotoMemogaki_Regular.png
11,kana_images/し/し-SistersFS_Regular.png
11,kana_images/し/し-YOzFontA-Pro-B_B.png
11,kana_images/し/し-YOzFontA-Pro-R_Regular.png
11,kana_images/し/し-yutaCoco-P-OT-Regular_Regular.png
11,kana_images/し/し-Yuzu_PenJiN_M__Regular.png
12,kana_images/す/す-07YsashisaGothicTegaki_Regular.png
12,kana_images/す/す-851MkPOP_Regular.png
12,kana_images/す/す-ArmedBanana_Regular.png
12,kana_images/す/す-Chihaya_Jyun_Regular.png
12,kana_images/す/す-darts_font_Regular.png
12,kana_images/す/す-Dining_message_Regular.png
12,kana_images/す/す-ElmerFont_Regular.png
12,kana_images/す/す-Ghatee_Regular.png
12,kana_images/す/す-Gyate-Luminescence_Regular.png
12,kana_images/す/す-HGKyokashotai_Medium.png
12,kana_images/す/す-HonyaJi-Re_Regular.png
12,kana_images/す/す-HuiFont_Regular.png
12,kana_images/す/す-IPAGothic_Regular.png
12,kana_images/す/す-Jiyucho_Regular.png
12,kana_images/す/す-KanjiStrokeOrders_Regular.png
12,kana_images/す/す-kouichi_sakurai_font_felt_pen_Regular.png
12,kana_images/す/す-K_Gothic_Regular.png
12,kana_images/す/す-MakibaFont_Regular.png
12,kana_images/す/す-mikachan_Regular.png
12,kana_images/す/す-Mikiyu_Font_NEW-PENJI-_P__Regular.png
12,kana_images/す/す-mitsufont2_Regular.png
12,kana_images/す/す-MotoyaLCedar_W3_mono.png
12,kana_images/す/す-MotoyaLMaru_W3_mono.png
12,kana_images/す/す-Mplus_1p_Light_Regular.png
12,kana_images/す/す-Mplus_1p_Regular.png
12,kana_images/す/す-Mplus_1p_Thin_Regular.png
12,kana_images/す/す-Mushin_Regular.png
12,kana_images/す/す-Nagurigaki_Crayon_Regular.png
12,kana_images/す/す-SanafonKazariV2_70_Regular.png
12,kana_images/す/す-SanafonMaru_Regular.png
12,kana_images/す/す-SanafonMugiV2_60_Regular.png
12,kana_images/す/す-SanafonYu_Regular.png
12,kana_images/す/す-SanaFon_Regular.png
12,kana_images/す/す-ShigotoMemogaki_Regular.png
12,kana_images/す/す-SistersFS_Regular.png
12,kana_images/す/す-YOzFontA-Pro-B_B.png
12,kana_images/す/す-YOzFontA-Pro-R_Regular.png
12,kana_images/す/す-yutaCoco-P-OT-Regular_Regular.png
12,kana_images/す/す-Yuzu_PenJiN_M__Regular.png
13,kana_images/せ/せ-07YsashisaGothicTegaki_Regular.png
13,kana_images/せ/せ-851MkPOP_Regular.png
13,kana_images/せ/せ-ArmedBanana_Regular.png
13,kana_images/せ/せ-Chihaya_Jyun_Regular.png
13,kana_images/せ/せ-darts_font_Regular.png
13,kana_images/せ/せ-Dining_message_Regular.png
13,kana_images/せ/せ-ElmerFont_Regular.png
13,kana_images/せ/せ-Ghatee_Regular.png
13,kana_images/せ/せ-Gyate-Luminescence_Regular.png
13,kana_images/せ/せ-HGKyokashotai_Medium.png
13,kana_images/せ/せ-HonyaJi-Re_Regular.png
13,kana_images/せ/せ-HuiFont_Regular.png
13,kana_images/せ/せ-IPAGothic_Regular.png
13,kana_images/せ/せ-Jiyucho_Regular.png
13,kana_images/せ/せ-KanjiStrokeOrders_Regular.png
13,kana_images/せ/せ-kouichi_sakurai_font_felt_pen_Regular.png
13,kana_images/せ/せ-K_Gothic_Regular.png
13,kana_images/せ/せ-MakibaFont_Regular.png
13,kana_images/せ/せ-mikachan_Regular.png
13,kana_images/せ/せ-Mikiyu_Font_NEW-PENJI-_P__Regular.png
13,kana_images/せ/せ-mitsufont2_Regular.png
13,kana_images/せ/せ-MotoyaLCedar_W3_mono.png
13,kana_images/せ/せ-MotoyaLMaru_W3_mono.png
13,kana_images/せ/せ-Mplus_1p_Light_Regular.png
13,kana_images/せ/せ-Mplus_1p_Regular.png
13,kana_images/せ/せ-Mplus_1p_Thin_Regular.png
13,kana_images/せ/せ-Mushin_Regular.png
13,kana_images/せ/せ-Nagurigaki_Crayon_Regular.png
13,kana_images/せ/せ-SanafonKazariV2_70_Regular.png
13,kana_images/せ/せ-SanafonMaru_Regular.png
13,kana_images/せ/せ-SanafonMugiV2_60_Regular.png
13,kana_images/せ/せ-SanafonYu_Regular.png
13,kana_images/せ/せ-SanaFon_Regular.png
13,kana_images/せ/せ-ShigotoMemogaki_Regular.png
13,kana_images/せ/せ-SistersFS_Regular.png
13,kana_images/せ/せ-YOzFontA-Pro-B_B.png
13,kana_images/せ/せ-YOzFontA-Pro-R_Regular.png
13,kana_images/せ/せ-yutaCoco-P-OT-Regular_Regular.png
13,kana_images/せ/せ-Yuzu_PenJiN_M__Regular.png
14,kana_images/そ/そ-07YsashisaGothicTegaki_Regular.png
14,kana_images/そ/そ-851MkPOP_Regular.png
14,kana_images/そ/そ-ArmedBanana_Regular.png
14,kana_images/そ/そ-Chihaya_Jyun_Regular.png
14,kana_images/そ/そ-darts_font_Regular.png
14,kana_images/そ/そ-Dining_message_Regular.png
14,kana_images/そ/そ-ElmerFont_Regular.png
14,kana_images/そ/そ-Ghatee_Regular.png
14,kana_images/そ/そ-Gyate-Luminescence_Regular.png
14,kana_images/そ/そ-HGKyokashotai_Medium.png
14,kana_images/そ/そ-HonyaJi-Re_Regular.png
14,kana_images/そ/そ-HuiFont_Regular.png
14,kana_images/そ/そ-IPAGothic_Regular.png
14,kana_images/そ/そ-Jiyucho_Regular.png
14,kana_images/そ/そ-KanjiStrokeOrders_Regular.png
14,kana_images/そ/そ-kouichi_sakurai_font_felt_pen_Regular.png
14,kana_images/そ/そ-K_Gothic_Regular.png
14,kana_images/そ/そ-MakibaFont_Regular.png
14,kana_images/そ/そ-mikachan_Regular.png
14,kana_images/そ/そ-Mikiyu_Font_NEW-PENJI-_P__Regular.png
14,kana_images/そ/そ-mitsufont2_Regular.png
14,kana_images/そ/そ-MotoyaLCedar_W3_mono.png
14,kana_images/そ/そ-MotoyaLMaru_W3_mono.png
14,kana_images/そ/そ-Mplus_1p_Light_Regular.png
14,kana_images/そ/そ-Mplus_1p_Regular.png
14,kana_images/そ/そ-Mplus_1p_Thin_Regular.png
14,kana_images/そ/そ-Mushin_Regular.png
14,kana_images/そ/そ-Nagurigaki_Crayon_Regular.png
14,kana_images/そ/そ-SanafonKazariV2_70_Regular.png
14,kana_images/そ/そ-SanafonMaru_Regular.png
14,kana_images/そ/そ-SanafonMugiV2_60_Regular.png
14,kana_images/そ/そ-SanafonYu_Regular.png
14,kana_images/そ/そ-SanaFon_Regular.png
14,kana_images/そ/そ-ShigotoMemogaki_Regular.png
14,kana_images/そ/そ-SistersFS_Regular.png
14,kana_images/そ/そ-YOzFontA-Pro-B_B.png
14,kana_images/そ/そ-YOzFontA-Pro-R_Regular.png
14,kana_images/そ/そ-yutaCoco-P-OT-Regular_Regular.png
14,kana_images/そ/そ-Yuzu_PenJiN_M__Regular.png
15,kana_images/た/た-07YsashisaGothicTegaki_Regular.png
15,kana_images/た/た-851MkPOP_Regular.png
15,kana_images/た/た-ArmedBanana_Regular.png
15,kana_images/た/た-Chihaya_Jyun_Regular.png
15,kana_images/た/た-darts_font_Regular.png
15,kana_images/た/た-Dining_message_Regular.png
15,kana_images/た/た-ElmerFont_Regular.png
15,kana_images/た/た-Ghatee_Regular.png
15,kana_images/た/た-Gyate-Luminescence_Regular.png
15,kana_images/た/た-HGKyokashotai_Medium.png
15,kana_images/た/た-HonyaJi-Re_Regular.png
15,kana_images/た/た-HuiFont_Regular.png
15,kana_images/た/た-IPAGothic_Regular.png
15,kana_images/た/た-Jiyucho_Regular.png
15,kana_images/た/た-KanjiStrokeOrders_Regular.png
15,kana_images/た/た-kouichi_sakurai_font_felt_pen_Regular.png
15,kana_images/た/た-K_Gothic_Regular.png
15,kana_images/た/た-MakibaFont_Regular.png
15,kana_images/た/た-mikachan_Regular.png
15,kana_images/た/た-Mikiyu_Font_NEW-PENJI-_P__Regular.png
15,kana_images/た/た-mitsufont2_Regular.png
15,kana_images/た/た-MotoyaLCedar_W3_mono.png
15,kana_images/た/た-MotoyaLMaru_W3_mono.png
15,kana_images/た/た-Mplus_1p_Light_Regular.png
15,kana_images/た/た-Mplus_1p_Regular.png
15,kana_images/た/た-Mplus_1p_Thin_Regular.png
15,kana_images/た/た-Mushin_Regular.png
15,kana_images/た/た-Nagurigaki_Crayon_Regular.png
15,kana_images/た/た-SanafonKazariV2_70_Regular.png
15,kana_images/た/た-SanafonMaru_Regular.png
15,kana_images/た/た-SanafonMugiV2_60_Regular.png
15,kana_images/た/た-SanafonYu_Regular.png
15,kana_images/た/た-SanaFon_Regular.png
15,kana_images/た/た-ShigotoMemogaki_Regular.png
15,kana_images/た/た-SistersFS_Regular.png
15,kana_images/た/た-YOzFontA-Pro-B_B.png
15,kana_images/た/た-YOzFontA-Pro-R_Regular.png
15,kana_images/た/た-yutaCoco-P-OT-Regular_Regular.png
15,kana_images/た/た-Yuzu_PenJiN_M__Regular.png
16,kana_images/ち/ち-07YsashisaGothicTegaki_Regular.png
16,kana_images/ち/ち-851MkPOP_Regular.png
16,kana_images/ち/ち-ArmedBanana_Regular.png
16,kana_images/ち/ち-Chihaya_Jyun_Regular.png
16,kana_images/ち/ち-darts_font_Regular.png
16,kana_images/ち/ち-Dining_message_Regular.png
16,kana_images/ち/ち-ElmerFont_Regular.png
16,kana_images/ち/ち-Ghatee_Regular.png
16,kana_images/ち/ち-Gyate-Luminescence_Regular.png
16,kana_images/ち/ち-HGKyokashotai_Medium.png
16,kana_images/ち/ち-HonyaJi-Re_Regular.png
16,kana_images/ち/ち-HuiFont_Regular.png
16,kana_images/ち/ち-IPAGothic_Regular.png
16,kana_images/ち/ち-Jiyucho_Regular.png
16,kana_images/ち/ち-KanjiStrokeOrders_Regular.png
16,kana_images/ち/ち-kouichi_sakurai_font_felt_pen_Regular.png
16,kana_images/ち/ち-K_Gothic_Regular.png
16,kana_images/ち/ち-MakibaFont_Regular.png
16,kana_images/ち/ち-mikachan_Regular.png
16,kana_images/ち/ち-Mikiyu_Font_NEW-PENJI-_P__Regular.png
16,kana_images/ち/ち-mitsufont2_Regular.png
16,kana_images/ち/ち-MotoyaLCedar_W3_mono.png
16,kana_images/ち/ち-MotoyaLMaru_W3_mono.png
16,kana_images/ち/ち-Mplus_1p_Light_Regular.png
16,kana_images/ち/ち-Mplus_1p_Regular.png
16,kana_images/ち/ち-Mplus_1p_Thin_Regular.png
16,kana_images/ち/ち-Mushin_Regular.png
16,kana_images/ち/ち-Nagurigaki_Crayon_Regular.png
16,kana_images/ち/ち-SanafonKazariV2_70_Regular.png
16,kana_images/ち/ち-SanafonMaru_Regular.png
16,kana_images/ち/ち-SanafonMugiV2_60_Regular.png
16,kana_images/ち/ち-SanafonYu_Regular.png
16,kana_images/ち/ち-SanaFon_Regular.png
16,kana_images/ち/ち-ShigotoMemogaki_Regular.png
16,kana_images/ち/ち-SistersFS_Regular.png
16,kana_images/ち/ち-YOzFontA-Pro-B_B.png
16,kana_images/ち/ち-YOzFontA-Pro-R_Regular.png
16,kana_images/ち/ち-yutaCoco-P-OT-Regular_Regular.png
16,kana_images/ち/ち-Yuzu_PenJiN_M__Regular.png
17,kana_images/つ/つ-07YsashisaGothicTegaki_Regular.png
17,kana_images/つ/つ-851MkPOP_Regular.png
17,kana_images/つ/つ-ArmedBanana_Regular.png
17,kana_images/つ/つ-Chihaya_Jyun_Regular.png
17,kana_images/つ/つ-darts_font_Regular.png
17,kana_images/つ/つ-Dining_message_Regular.png
17,kana_images/つ/つ-ElmerFont_Regular.png
17,kana_images/つ/つ-Ghatee_Regular.png
17,kana_images/つ/つ-Gyate-Luminescence_Regular.png
17,kana_images/つ/つ-HGKyokashotai_Medium.png
17,kana_images/つ/つ-HonyaJi-Re_Regular.png
17,kana_images/つ/つ-HuiFont_Regular.png
17,kana_images/つ/つ-IPAGothic_Regular.png
17,kana_images/つ/つ-Jiyucho_Regular.png
17,kana_images/つ/つ-KanjiStrokeOrders_Regular.png
17,kana_images/つ/つ-kouichi_sakurai_font_felt_pen_Regular.png
17,kana_images/つ/つ-K_Gothic_Regular.png
17,kana_images/つ/つ-MakibaFont_Regular.png
17,kana_images/つ/つ-mikachan_Regular.png
17,kana_images/つ/つ-Mikiyu_Font_NEW-PENJI-_P__Regular.png
17,kana_images/つ/つ-mitsufont2_Regular.png
17,kana_images/つ/つ-MotoyaLCedar_W3_mono.png
17,kana_images/つ/つ-MotoyaLMaru_W3_mono.png
17,kana_images/つ/つ-Mplus_1p_Light_Regular.png
17,kana_images/つ/つ-Mplus_1p_Regular.png
17,kana_images/つ/つ-Mplus_1p_Thin_Regular.png
17,kana_images/つ/つ-Mushin_Regular.png
17,kana_images/つ/つ-Nagurigaki_Crayon_Regular.png
17,kana_images/つ/つ-SanafonKazariV2_70_Regular.png
17,kana_images/つ/つ-SanafonMaru_Regular.png
17,kana_images/つ/つ-SanafonMugiV2_60_Regular.png
17,kana_images/つ/つ-SanafonYu_Regular.png
17,kana_images/つ/つ-SanaFon_Regular.png
17,kana_images/つ/つ-ShigotoMemogaki_Regular.png
17,kana_images/つ/つ-SistersFS_Regular.png
17,kana_images/つ/つ-YOzFontA-Pro-B_B.png
17,kana_images/つ/つ-YOzFontA-Pro-R_Regular.png
17,kana_images/つ/つ-yutaCoco-P-OT-Regular_Regular.png
17,kana_images/つ/つ-Yuzu_PenJiN_M__Regular.png
18,kana_images/て/て-07YsashisaGothicTegaki_Regular.png
18,kana_images/て/て-851MkPOP_Regular.png
18,kana_images/て/て-ArmedBanana_Regular.png
18,kana_images/て/て-Chihaya_Jyun_Regular.png
18,kana_images/て/て-darts_font_Regular.png
18,kana_images/て/て-Dining_message_Regular.png
18,kana_images/て/て-ElmerFont_Regular.png
18,kana_images/て/て-Ghatee_Regular.png
18,kana_images/て/て-Gyate-Luminescence_Regular.png
18,kana_images/て/て-HGKyokashotai_Medium.png
18,kana_images/て/て-HonyaJi-Re_Regular.png
18,kana_images/て/て-HuiFont_Regular.png
18,kana_images/て/て-IPAGothic_Regular.png
18,kana_images/て/て-Jiyucho_Regular.png
18,kana_images/て/て-KanjiStrokeOrders_Regular.png
18,kana_images/て/て-kouichi_sakurai_font_felt_pen_Regular.png
18,kana_images/て/て-K_Gothic_Regular.png
18,kana_images/て/て-MakibaFont_Regular.png
18,kana_images/て/て-mikachan_Regular.png
18,kana_images/て/て-Mikiyu_Font_NEW-PENJI-_P__Regular.png
18,kana_images/て/て-mitsufont2_Regular.png
18,kana_images/て/て-MotoyaLCedar_W3_mono.png
18,kana_images/て/て-MotoyaLMaru_W3_mono.png
18,kana_images/て/て-Mplus_1p_Light_Regular.png
18,kana_images/て/て-Mplus_1p_Regular.png
18,kana_images/て/て-Mplus_1p_Thin_Regular.png
18,kana_images/て/て-Mushin_Regular.png
18,kana_images/て/て-Nagurigaki_Crayon_Regular.png
18,kana_images/て/て-SanafonKazariV2_70_Regular.png
18,kana_images/て/て-SanafonMaru_Regular.png
18,kana_images/て/て-SanafonMugiV2_60_Regular.png
18,kana_images/て/て-SanafonYu_Regular.png
18,kana_images/て/て-SanaFon_Regular.png
18,kana_images/て/て-ShigotoMemogaki_Regular.png
18,kana_images/て/て-SistersFS_Regular.png
18,kana_images/て/て-YOzFontA-Pro-B_B.png
18,kana_images/て/て-YOzFontA-Pro-R_Regular.png
18,kana_images/て/て-yutaCoco-P-OT-Regular_Regular.png
18,kana_images/て/て-Yuzu_PenJiN_M__Regular.png
19,kana_images/と/と-07YsashisaGothicTegaki_Regular.png
19,kana_images/と/と-851MkPOP_Regular.png
19,kana_images/と/と-ArmedBanana_Regular.png
19,kana_images/と/と-Chihaya_Jyun_Regular.png
19,kana_images/と/と-darts_font_Regular.png
19,kana_images/と/と-Dining_message_Regular.png
19,kana_images/と/と-ElmerFont_Regular.png
19,kana_images/と/と-Ghatee_Regular.png
19,kana_images/と/と-Gyate-Luminescence_Regular.png
19,kana_images/と/と-HGKyokashotai_Medium.png
19,kana_images/と/と-HonyaJi-Re_Regular.png
19,kana_images/と/と-HuiFont_Regular.png
19,kana_images/と/と-IPAGothic_Regular.png
19,kana_images/と/と-Jiyucho_Regular.png
19,kana_images/と/と-KanjiStrokeOrders_Regular.png
19,kana_images/と/と-kouichi_sakurai_font_felt_pen_Regular.png
19,kana_images/と/と-K_Gothic_Regular.png
19,kana_images/と/と-MakibaFont_Regular.png
19,kana_images/と/と-mikachan_Regular.png
19,kana_images/と/と-Mikiyu_Font_NEW-PENJI-_P__Regular.png
19,kana_images/と/と-mitsufont2_Regular.png
19,kana_images/と/と-MotoyaLCedar_W3_mono.png
19,kana_images/と/と-MotoyaLMaru_W3_mono.png
19,kana_images/と/と-Mplus_1p_Light_Regular.png
19,kana_images/と/と-Mplus_1p_Regular.png
19,kana_images/と/と-Mplus_1p_Thin_Regular.png
19,kana_images/と/と-Mushin_Regular.png
19,kana_images/と/と-Nagurigaki_Crayon_Regular.png
19,kana_images/と/と-SanafonKazariV2_70_Regular.png
19,kana_images/と/と-SanafonMaru_Regular.png
19,kana_images/と/と-SanafonMugiV2_60_Regular.png
19,kana_images/と/と-SanafonYu_Regular.png
19,kana_images/と/と-SanaFon_Regular.png
19,kana_images/と/と-ShigotoMemogaki_Regular.png
19,kana_images/と/と-SistersFS_Regular.png
19,kana_images/と/と-YOzFontA-Pro-B_B.png
19,kana_images/と/と-YOzFontA-Pro-R_Regular.png
19,kana_images/と/と-yutaCoco-P-OT-Regular_Regular.png
19,kana_images/と/と-Yuzu_PenJiN_M__Regular.png
20,kana_images/な/な-07YsashisaGothicTegaki_Regular.png
20,kana_images/な/な-851MkPOP_Regular.png
20,kana_images/な/な-ArmedBanana_Regular.png
20,kana_images/な/な-Chihaya_Jyun_Regular.png
20,kana_images/な/な-darts_font_Regular.png
20,kana_images/な/な-Dining_message_Regular.png
20,kana_images/な/な-ElmerFont_Regular.png
20,kana_images/な/な-Ghatee_Regular.png
20,kana_images/な/な-Gyate-Luminescence_Regular.png
20,kana_images/な/な-HGKyokashotai_Medium.png
20,kana_images/な/な-HonyaJi-Re_Regular.png
20,kana_images/な/な-HuiFont_Regular.png
20,kana_images/な/な-IPAGothic_Regular.png
20,kana_images/な/な-Jiyucho_Regular.png
20,kana_images/な/な-KanjiStrokeOrders_Regular.png
20,kana_images/な/な-kouichi_sakurai_font_felt_pen_Regular.png
20,kana_images/な/な-K_Gothic_Regular.png
20,kana_images/な/な-MakibaFont_Regular.png
20,kana_images/な/な-mikachan_Regular.png
20,kana_images/な/な-Mikiyu_Font_NEW-PENJI-_P__Regular.png
20,kana_images/な/な-mitsufont2_Regular.png
20,kana_images/な/な-MotoyaLCedar_W3_mono.png
20,kana_images/な/な-MotoyaLMaru_W3_mono.png
20,kana_images/な/な-Mplus_1p_Light_Regular.png
20,kana_images/な/な-Mplus_1p_Regular.png
20,kana_images/な/な-Mplus_1p_Thin_Regular.png
20,kana_images/な/な-Mushin_Regular.png
20,kana_images/な/な-Nagurigaki_Crayon_Regular.png
20,kana_images/な/な-SanafonKazariV2_70_Regular.png
20,kana_images/な/な-SanafonMaru_Regular.png
20,kana_images/な/な-SanafonMugiV2_60_Regular.png
20,kana_images/な/な-SanafonYu_Regular.png
20,kana_images/な/な-SanaFon_Regular.png
20,kana_images/な/な-ShigotoMemogaki_Regular.png
20,kana_images/な/な-SistersFS_Regular.png
20,kana_images/な/な-YOzFontA-Pro-B_B.png
20,kana_images/な/な-YOzFontA-Pro-R_Regular.png
20,kana_images/な/な-yutaCoco-P-OT-Regular_Regular.png
20,kana_images/な/な-Yuzu_PenJiN_M__Regular.png
21,kana_images/に/に-07YsashisaGothicTegaki_Regular.png
21,kana_images/に/に-851MkPOP_Regular.png
21,kana_images/に/に-ArmedBanana_Regular.png
21,kana_images/に/に-Chihaya_Jyun_Regular.png
21,kana_images/に/に-darts_font_Regular.png
21,kana_images/に/に-Dining_message_Regular.png
21,kana_images/に/に-ElmerFont_Regular.png
21,kana_images/に/に-Ghatee_Regular.png
21,kana_images/に/に-Gyate-Luminescence_Regular.png
21,kana_images/に/に-HGKyokashotai_Medium.png
21,kana_images/に/に-HonyaJi-Re_Regular.png
21,kana_images/に/に-HuiFont_Regular.png
21,kana_images/に/に-IPAGothic_Regular.png
21,kana_images/に/に-Jiyucho_Regular.png
21,kana_images/に/に-KanjiStrokeOrders_Regular.png
21,kana_images/に/に-kouichi_sakurai_font_felt_pen_Regular.png
21,kana_images/に/に-K_Gothic_Regular.png
21,kana_images/に/に-MakibaFont_Regular.png
21,kana_images/に/に-mikachan_Regular.png
21,kana_images/に/に-Mikiyu_Font_NEW-PENJI-_P__Regular.png
21,kana_images/に/に-mitsufont2_Regular.png
21,kana_images/に/に-MotoyaLCedar_W3_mono.png
21,kana_images/に/に-MotoyaLMaru_W3_mono.png
21,kana_images/に/に-Mplus_1p_Light_Regular.png
21,kana_images/に/に-Mplus_1p_Regular.png
21,kana_images/に/に-Mplus_1p_Thin_Regular.png
21,kana_images/に/に-Mushin_Regular.png
21,kana_images/に/に-Nagurigaki_Crayon_Regular.png
21,kana_images/に/に-SanafonKazariV2_70_Regular.png
21,kana_images/に/に-SanafonMaru_Regular.png
21,kana_images/に/に-SanafonMugiV2_60_Regular.png
21,kana_images/に/に-SanafonYu_Regular.png
21,kana_images/に/に-SanaFon_Regular.png
21,kana_images/に/に-ShigotoMemogaki_Regular.png
21,kana_images/に/に-SistersFS_Regular.png
21,kana_images/に/に-YOzFontA-Pro-B_B.png
21,kana_images/に/に-YOzFontA-Pro-R_Regular.png
21,kana_images/に/に-yutaCoco-P-OT-Regular_Regular.png
21,kana_images/に/に-Yuzu_PenJiN_M__Regular.png
22,kana_images/ぬ/ぬ-07YsashisaGothicTegaki_Regular.png
22,kana_images/ぬ/ぬ-851MkPOP_Regular.png
22,kana_images/ぬ/ぬ-ArmedBanana_Regular.png
22,kana_images/ぬ/ぬ-Chihaya_Jyun_Regular.png
22,kana_images/ぬ/ぬ-darts_font_Regular.png
22,kana_images/ぬ/ぬ-Dining_message_Regular.png
22,kana_images/ぬ/ぬ-ElmerFont_Regular.png
22,kana_images/ぬ/ぬ-Ghatee_Regular.png
22,kana_images/ぬ/ぬ-Gyate-Luminescence_Regular.png
22,kana_images/ぬ/ぬ-HGKyokashotai_Medium.png
22,kana_images/ぬ/ぬ-HonyaJi-Re_Regular.png
22,kana_images/ぬ/ぬ-HuiFont_Regular.png
22,kana_images/ぬ/ぬ-IPAGothic_Regular.png
22,kana_images/ぬ/ぬ-Jiyucho_Regular.png
22,kana_images/ぬ/ぬ-KanjiStrokeOrders_Regular.png
22,kana_images/ぬ/ぬ-kouichi_sakurai_font_felt_pen_Regular.png
22,kana_images/ぬ/ぬ-K_Gothic_Regular.png
22,kana_images/ぬ/ぬ-MakibaFont_Regular.png
22,kana_images/ぬ/ぬ-mikachan_Regular.png
22,kana_images/ぬ/ぬ-Mikiyu_Font_NEW-PENJI-_P__Regular.png
22,kana_images/ぬ/ぬ-mitsufont2_Regular.png
22,kana_images/ぬ/ぬ-MotoyaLCedar_W3_mono.png
22,kana_images/ぬ/ぬ-MotoyaLMaru_W3_mono.png
22,kana_images/ぬ/ぬ-Mplus_1p_Light_Regular.png
22,kana_images/ぬ/ぬ-Mplus_1p_Regular.png
22,kana_images/ぬ/ぬ-Mplus_1p_Thin_Regular.png
22,kana_images/ぬ/ぬ-Mushin_Regular.png
22,kana_images/ぬ/ぬ-Nagurigaki_Crayon_Regular.png
22,kana_images/ぬ/ぬ-SanafonKazariV2_70_Regular.png
22,kana_images/ぬ/ぬ-SanafonMaru_Regular.png
22,kana_images/ぬ/ぬ-SanafonMugiV2_60_Regular.png
22,kana_images/ぬ/ぬ-SanafonYu_Regular.png
22,kana_images/ぬ/ぬ-SanaFon_Regular.png
22,kana_images/ぬ/ぬ-ShigotoMemogaki_Regular.png
22,kana_images/ぬ/ぬ-SistersFS_Regular.png
22,kana_images/ぬ/ぬ-YOzFontA-Pro-B_B.png
22,kana_images/ぬ/ぬ-YOzFontA-Pro-R_Regular.png
22,kana_images/ぬ/ぬ-yutaCoco-P-OT-Regular_Regular.png
22,kana_images/ぬ/ぬ-Yuzu_PenJiN_M__Regular.png
23,kana_images/ね/ね-07YsashisaGothicTegaki_Regular.png
23,kana_images/ね/ね-851MkPOP_Regular.png
23,kana_images/ね/ね-ArmedBanana_Regular.png
23,kana_images/ね/ね-Chihaya_Jyun_Regular.png
23,kana_images/ね/ね-darts_font_Regular.png
23,kana_images/ね/ね-Dining_message_Regular.png
23,kana_images/ね/ね-ElmerFont_Regular.png
23,kana_images/ね/ね-Ghatee_Regular.png
23,kana_images/ね/ね-Gyate-Luminescence_Regular.png
23,kana_images/ね/ね-HGKyokashotai_Medium.png
23,kana_images/ね/ね-HonyaJi-Re_Regular.png
23,kana_images/ね/ね-HuiFont_Regular.png
23,kana_images/ね/ね-IPAGothic_Regular.png
23,kana_images/ね/ね-Jiyucho_Regular.png
23,kana_images/ね/ね-KanjiStrokeOrders_Regular.png
23,kana_images/ね/ね-kouichi_sakurai_font_felt_pen_Regular.png
23,kana_images/ね/ね-K_Gothic_Regular.png
23,kana_images/ね/ね-MakibaFont_Regular.png
23,kana_images/ね/ね-mikachan_Regular.png
23,kana_images/ね/ね-Mikiyu_Font_NEW-PENJI-_P__Regular.png
23,kana_images/ね/ね-mitsufont2_Regular.png
23,kana_images/ね/ね-MotoyaLCedar_W3_mono.png
23,kana_images/ね/ね-MotoyaLMaru_W3_mono.png
23,kana_images/ね/ね-Mplus_1p_Light_Regular.png
23,kana_images/ね/ね-Mplus_1p_Regular.png
23,kana_images/ね/ね-Mplus_1p_Thin_Regular.png
23,kana_images/ね/ね-Mushin_Regular.png
23,kana_images/ね/ね-Nagurigaki_Crayon_Regular.png
23,kana_images/ね/ね-SanafonKazariV2_70_Regular.png
23,kana_images/ね/ね-SanafonMaru_Regular.png
23,kana_images/ね/ね-SanafonMugiV2_60_Regular.png
23,kana_images/ね/ね-SanafonYu_Regular.png
23,kana_images/ね/ね-SanaFon_Regular.png
23,kana_images/ね/ね-ShigotoMemogaki_Regular.png
23,kana_images/ね/ね-SistersFS_Regular.png
23,kana_images/ね/ね-YOzFontA-Pro-B_B.png
23,kana_images/ね/ね-YOzFontA-Pro-R_Regular.png
23,kana_images/ね/ね-yutaCoco-P-OT-Regular_Regular.png
23,kana_images/ね/ね-Yuzu_PenJiN_M__Regular.png
24,kana_images/の/の-07YsashisaGothicTegaki_Regular.png
24,kana_images/の/の-851MkPOP_Regular.png
24,kana_images/の/の-ArmedBanana_Regular.png
24,kana_images/の/の-Chihaya_Jyun_Regular.png
24,kana_images/の/の-darts_font_Regular.png
24,kana_images/の/の-Dining_message_Regular.png
24,kana_images/の/の-ElmerFont_Regular.png
24,kana_images/の/の-Ghatee_Regular.png
24,kana_images/の/の-Gyate-Luminescence_Regular.png
24,kana_images/の/の-HGKyokashotai_Medium.png
24,kana_images/の/の-HonyaJi-Re_Regular.png
24,kana_images/の/の-HuiFont_Regular.png
24,kana_images/の/の-IPAGothic_Regular.png
24,kana_images/の/の-Jiyucho_Regular.png
24,kana_images/の/の-KanjiStrokeOrders_Regular.png
24,kana_images/の/の-kouichi_sakurai_font_felt_pen_Regular.png
24,kana_images/の/の-K_Gothic_Regular.png
24,kana_images/の/の-MakibaFont_Regular.png
24,kana_images/の/の-mikachan_Regular.png
24,kana_images/の/の-Mikiyu_Font_NEW-PENJI-_P__Regular.png
24,kana_images/の/の-mitsufont2_Regular.png
24,kana_images/の/の-MotoyaLCedar_W3_mono.png
24,kana_images/の/の-MotoyaLMaru_W3_mono.png
24,kana_images/の/の-Mplus_1p_Light_Regular.png
24,kana_images/の/の-Mplus_1p_Regular.png
24,kana_images/の/の-Mplus_1p_Thin_Regular.png
24,kana_images/の/の-Mushin_Regular.png
24,kana_images/の/の-Nagurigaki_Crayon_Regular.png
24,kana_images/の/の-SanafonKazariV2_70_Regular.png
24,kana_images/の/の-SanafonMaru_Regular.png
24,kana_images/の/の-SanafonMugiV2_60_Regular.png
24,kana_images/の/の-SanafonYu_Regular.png
24,kana_images/の/の-SanaFon_Regular.png
24,kana_images/の/の-ShigotoMemogaki_Regular.png
24,kana_images/の/の-SistersFS_Regular.png
24,kana_images/の/の-YOzFontA-Pro-B_B.png
24,kana_images/の/の-YOzFontA-Pro-R_Regular.png
24,kana_images/の/の-yutaCoco-P-OT-Regular_Regular.png
24,kana_images/の/の-Yuzu_PenJiN_M__Regular.png
25,kana_images/ま/ま-07YsashisaGothicTegaki_Regular.png
25,kana_images/ま/ま-851MkPOP_Regular.png
25,kana_images/ま/ま-ArmedBanana_Regular.png
25,kana_images/ま/ま-Chihaya_Jyun_Regular.png
25,kana_images/ま/ま-darts_font_Regular.png
25,kana_images/ま/ま-Dining_message_Regular.png
25,kana_images/ま/ま-ElmerFont_Regular.png
25,kana_images/ま/ま-Ghatee_Regular.png
25,kana_images/ま/ま-Gyate-Luminescence_Regular.png
25,kana_images/ま/ま-HGKyokashotai_Medium.png
25,kana_images/ま/ま-HonyaJi-Re_Regular.png
25,kana_images/ま/ま-HuiFont_Regular.png
25,kana_images/ま/ま-IPAGothic_Regular.png
25,kana_images/ま/ま-Jiyucho_Regular.png
25,kana_images/ま/ま-KanjiStrokeOrders_Regular.png
25,kana_images/ま/ま-kouichi_sakurai_font_felt_pen_Regular.png
25,kana_images/ま/ま-K_Gothic_Regular.png
25,kana_images/ま/ま-MakibaFont_Regular.png
25,kana_images/ま/ま-mikachan_Regular.png
25,kana_images/ま/ま-Mikiyu_Font_NEW-PENJI-_P__Regular.png
25,kana_images/ま/ま-mitsufont2_Regular.png
25,kana_images/ま/ま-MotoyaLCedar_W3_mono.png
25,kana_images/ま/ま-MotoyaLMaru_W3_mono.png
25,kana_images/ま/ま-Mplus_1p_Light_Regular.png
25,kana_images/ま/ま-Mplus_1p_Regular.png
25,kana_images/ま/ま-Mplus_1p_Thin_Regular.png
25,kana_images/ま/ま-Mushin_Regular.png
25,kana_images/ま/ま-Nagurigaki_Crayon_Regular.png
25,kana_images/ま/ま-SanafonKazariV2_70_Regular.png
25,kana_images/ま/ま-SanafonMaru_Regular.png
25,kana_images/ま/ま-SanafonMugiV2_60_Regular.png
25,kana_images/ま/ま-SanafonYu_Regular.png
25,kana_images/ま/ま-SanaFon_Regular.png
25,kana_images/ま/ま-ShigotoMemogaki_Regular.png
25,kana_images/ま/ま-SistersFS_Regular.png
25,kana_images/ま/ま-YOzFontA-Pro-B_B.png
25,kana_images/ま/ま-YOzFontA-Pro-R_Regular.png
25,kana_images/ま/ま-yutaCoco-P-OT-Regular_Regular.png
25,kana_images/ま/ま-Yuzu_PenJiN_M__Regular.png
26,kana_images/み/み-07YsashisaGothicTegaki_Regular.png
26,kana_images/み/み-851MkPOP_Regular.png
26,kana_images/み/み-ArmedBanana_Regular.png
26,kana_images/み/み-Chihaya_Jyun_Regular.png
26,kana_images/み/み-darts_font_Regular.png
26,kana_images/み/み-Dining_message_Regular.png
26,kana_images/み/み-ElmerFont_Regular.png
26,kana_images/み/み-Ghatee_Regular.png
26,kana_images/み/み-Gyate-Luminescence_Regular.png
26,kana_images/み/み-HGKyokashotai_Medium.png
26,kana_images/み/み-HonyaJi-Re_Regular.png
26,kana_images/み/み-HuiFont_Regular.png
26,kana_images/み/み-IPAGothic_Regular.png
26,kana_images/み/み-Jiyucho_Regular.png
26,kana_images/み/み-KanjiStrokeOrders_Regular.png
26,kana_images/み/み-kouichi_sakurai_font_felt_pen_Regular.png
26,kana_images/み/み-K_Gothic_Regular.png
26,kana_images/み/み-MakibaFont_Regular.png
26,kana_images/み/み-mikachan_Regular.png
26,kana_images/み/み-Mikiyu_Font_NEW-PENJI-_P__Regular.png
26,kana_images/み/み-mitsufont2_Regular.png
26,kana_images/み/み-MotoyaLCedar_W3_mono.png
26,kana_images/み/み-MotoyaLMaru_W3_mono.png
26,kana_images/み/み-Mplus_1p_Light_Regular.png
26,kana_images/み/み-Mplus_1p_Regular.png
26,kana_images/み/み-Mplus_1p_Thin_Regular.png
26,kana_images/み/み-Mushin_Regular.png
26,kana_images/み/み-Nagurigaki_Crayon_Regular.png
26,kana_images/み/み-SanafonKazariV2_70_Regular.png
26,kana_images/み/み-SanafonMaru_Regular.png
26,kana_images/み/み-SanafonMugiV2_60_Regular.png
26,kana_images/み/み-SanafonYu_Regular.png
26,kana_images/み/み-SanaFon_Regular.png
26,kana_images/み/み-ShigotoMemogaki_Regular.png
26,kana_images/み/み-SistersFS_Regular.png
26,kana_images/み/み-YOzFontA-Pro-B_B.png
26,kana_images/み/み-YOzFontA-Pro-R_Regular.png
26,kana_images/み/み-yutaCoco-P-OT-Regular_Regular.png
26,kana_images/み/み-Yuzu_PenJiN_M__Regular.png
27,kana_images/む/む-07YsashisaGothicTegaki_Regular.png
27,kana_images/む/む-851MkPOP_Regular.png
27,kana_images/む/む-ArmedBanana_Regular.png
27,kana_images/む/む-Chihaya_Jyun_Regular.png
27,kana_images/む/む-darts_font_Regular.png
27,kana_images/む/む-Dining_message_Regular.png
27,kana_images/む/む-ElmerFont_Regular.png
27,kana_images/む/む-Ghatee_Regular.png
27,kana_images/む/む-Gyate-Luminescence_Regular.png
27,kana_images/む/む-HGKyokashotai_Medium.png
27,kana_images/む/む-HonyaJi-Re_Regular.png
27,kana_images/む/む-HuiFont_Regular.png
27,kana_images/む/む-IPAGothic_Regular.png
27,kana_images/む/む-Jiyucho_Regular.png
27,kana_images/む/む-KanjiStrokeOrders_Regular.png
27,kana_images/む/む-kouichi_sakurai_font_felt_pen_Regular.png
27,kana_images/む/む-K_Gothic_Regular.png
27,kana_images/む/む-MakibaFont_Regular.png
27,kana_images/む/む-mikachan_Regular.png
27,kana_images/む/む-Mikiyu_Font_NEW-PENJI-_P__Regular.png
27,kana_images/む/む-mitsufont2_Regular.png
27,kana_images/む/む-MotoyaLCedar_W3_mono.png
27,kana_images/む/む-MotoyaLMaru_W3_mono.png
27,kana_images/む/む-Mplus_1p_Light_Regular.png
27,kana_images/む/む-Mplus_1p_Regular.png
27,kana_images/む/む-Mplus_1p_Thin_Regular.png
27,kana_images/む/む-Mushin_Regular.png
27,kana_images/む/む-Nagurigaki_Crayon_Regular.png
27,kana_images/む/む-SanafonKazariV2_70_Regular.png
27,kana_images/む/む-SanafonMaru_Regular.png
27,kana_images/む/む-SanafonMugiV2_60_Regular.png
27,kana_images/む/む-SanafonYu_Regular.png
27,kana_images/む/む-SanaFon_Regular.png
27,kana_images/む/む-ShigotoMemogaki_Regular.png
27,kana_images/む/む-SistersFS_Regular.png
27,kana_images/む/む-YOzFontA-Pro-B_B.png
27,kana_images/む/む-YOzFontA-Pro-R_Regular.png
27,kana_images/む/む-yutaCoco-P-OT-Regular_Regular.png
27,kana_images/む/む-Yuzu_PenJiN_M__Regular.png
28,kana_images/め/め-07YsashisaGothicTegaki_Regular.png
28,kana_images/め/め-851MkPOP_Regular.png
28,kana_images/め/め-ArmedBanana_Regular.png
28,kana_images/め/め-Chihaya_Jyun_Regular.png
28,kana_images/め/め-darts_font_Regular.png
28,kana_images/め/め-Dining_message_Regular.png
28,kana_images/め/め-ElmerFont_Regular.png
28,kana_images/め/め-Ghatee_Regular.png
28,kana_images/め/め-Gyate-Luminescence_Regular.png
28,kana_images/め/め-HGKyokashotai_Medium.png
28,kana_images/め/め-HonyaJi-Re_Regular.png
28,kana_images/め/め-HuiFont_Regular.png
28,kana_images/め/め-IPAGothic_Regular.png
28,kana_images/め/め-Jiyucho_Regular.png
28,kana_images/め/め-KanjiStrokeOrders_Regular.png
28,kana_images/め/め-kouichi_sakurai_font_felt_pen_Regular.png
28,kana_images/め/め-K_Gothic_Regular.png
28,kana_images/め/め-MakibaFont_Regular.png
28,kana_images/め/め-mikachan_Regular.png
28,kana_images/め/め-Mikiyu_Font_NEW-PENJI-_P__Regular.png
28,kana_images/め/め-mitsufont2_Regular.png
28,kana_images/め/め-MotoyaLCedar_W3_mono.png
28,kana_images/め/め-MotoyaLMaru_W3_mono.png
28,kana_images/め/め-Mplus_1p_Light_Regular.png
28,kana_images/め/め-Mplus_1p_Regular.png
28,kana_images/め/め-Mplus_1p_Thin_Regular.png
28,kana_images/め/め-Mushin_Regular.png
28,kana_images/め/め-Nagurigaki_Crayon_Regular.png
28,kana_images/め/め-SanafonKazariV2_70_Regular.png
28,kana_images/め/め-SanafonMaru_Regular.png
28,kana_images/め/め-SanafonMugiV2_60_Regular.png
28,kana_images/め/め-SanafonYu_Regular.png
28,kana_images/め/め-SanaFon_Regular.png
28,kana_images/め/め-ShigotoMemogaki_Regular.png
28,kana_images/め/め-SistersFS_Regular.png
28,kana_images/め/め-YOzFontA-Pro-B_B.png
28,kana_images/め/め-YOzFontA-Pro-R_Regular.png
28,kana_images/め/め-yutaCoco-P-OT-Regular_Regular.png
28,kana_images/め/め-Yuzu_PenJiN_M__Regular.png
29,kana_images/も/も-07YsashisaGothicTegaki_Regular.png
29,kana_images/も/も-851MkPOP_Regular.png
29,kana_images/も/も-ArmedBanana_Regular.png
29,kana_images/も/も-Chihaya_Jyun_Regular.png
29,kana_images/も/も-darts_font_Regular.png
29,kana_images/も/も-Dining_message_Regular.png
29,kana_images/も/も-ElmerFont_Regular.png
29,kana_images/も/も-Ghatee_Regular.png
29,kana_images/も/も-Gyate-Luminescence_Regular.png
29,kana_images/も/も-HGKyokashotai_Medium.png
29,kana_images/も/も-HonyaJi-Re_Regular.png
29,kana_images/も/も-HuiFont_Regular.png
29,kana_images/も/も-IPAGothic_Regular.png
29,kana_images/も/も-Jiyucho_Regular.png
29,kana_images/も/も-KanjiStrokeOrders_Regular.png
29,kana_images/も/も-kouichi_sakurai_font_felt_pen_Regular.png
29,kana_images/も/も-K_Gothic_Regular.png
29,kana_images/も/も-MakibaFont_Regular.png
29,kana_images/も/も-mikachan_Regular.png
29,kana_images/も/も-Mikiyu_Font_NEW-PENJI-_P__Regular.png
29,kana_images/も/も-mitsufont2_Regular.png
29,kana_images/も/も-MotoyaLCedar_W3_mono.png
29,kana_images/も/も-MotoyaLMaru_W3_mono.png
29,kana_images/も/も-Mplus_1p_Light_Regular.png
29,kana_images/も/も-Mplus_1p_Regular.png
29,kana_images/も/も-Mplus_1p_Thin_Regular.png
29,kana_images/も/も-Mushin_Regular.png
29,kana_images/も/も-Nagurigaki_Crayon_Regular.png
29,kana_images/も/も-SanafonKazariV2_70_Regular.png
29,kana_images/も/も-SanafonMaru_Regular.png
29,kana_images/も/も-SanafonMugiV2_60_Regular.png
29,kana_images/も/も-SanafonYu_Regular.png
29,kana_images/も/も-SanaFon_Regular.png
29,kana_images/も/も-ShigotoMemogaki_Regular.png
29,kana_images/も/も-SistersFS_Regular.png
29,kana_images/も/も-YOzFontA-Pro-B_B.png
29,kana_images/も/も-YOzFontA-Pro-R_Regular.png
29,kana_images/も/も-yutaCoco-P-OT-Regular_Regular.png
29,kana_images/も/も-Yuzu_PenJiN_M__Regular.png
30,kana_images/は/は-07YsashisaGothicTegaki_Regular.png
30,kana_images/は/は-851MkPOP_Regular.png
30,kana_images/は/は-ArmedBanana_Regular.png
30,kana_images/は/は-Chihaya_Jyun_Regular.png
30,kana_images/は/は-darts_font_Regular.png
30,kana_images/は/は-Dining_message_Regular.png
30,kana_images/は/は-ElmerFont_Regular.png
30,kana_images/は/は-Ghatee_Regular.png
30,kana_images/は/は-Gyate-Luminescence_Regular.png
30,kana_images/は/は-HGKyokashotai_Medium.png
30,kana_images/は/は-HonyaJi-Re_Regular.png
30,kana_images/は/は-HuiFont_Regular.png
30,kana_images/は/は-IPAGothic_Regular.png
30,kana_images/は/は-Jiyucho_Regular.png
30,kana_images/は/は-KanjiStrokeOrders_Regular.png
30,kana_images/は/は-kouichi_sakurai_font_felt_pen_Regular.png
30,kana_images/は/は-K_Gothic_Regular.png
30,kana_images/は/は-MakibaFont_Regular.png
30,kana_images/は/は-mikachan_Regular.png
30,kana_images/は/は-Mikiyu_Font_NEW-PENJI-_P__Regular.png
30,kana_images/は/は-mitsufont2_Regular.png
30,kana_images/は/は-MotoyaLCedar_W3_mono.png
30,kana_images/は/は-MotoyaLMaru_W3_mono.png
30,kana_images/は/は-Mplus_1p_Light_Regular.png
30,kana_images/は/は-Mplus_1p_Regular.png
30,kana_images/は/は-Mplus_1p_Thin_Regular.png
30,kana_images/は/は-Mushin_Regular.png
30,kana_images/は/は-Nagurigaki_Crayon_Regular.png
30,kana_images/は/は-SanafonKazariV2_70_Regular.png
30,kana_images/は/は-SanafonMaru_Regular.png
30,kana_images/は/は-SanafonMugiV2_60_Regular.png
30,kana_images/は/は-SanafonYu_Regular.png
30,kana_images/は/は-SanaFon_Regular.png
30,kana_images/は/は-ShigotoMemogaki_Regular.png
30,kana_images/は/は-SistersFS_Regular.png
30,kana_images/は/は-YOzFontA-Pro-B_B.png
30,kana_images/は/は-YOzFontA-Pro-R_Regular.png
30,kana_images/は/は-yutaCoco-P-OT-Regular_Regular.png
30,kana_images/は/は-Yuzu_PenJiN_M__Regular.png
31,kana_images/ひ/ひ-07YsashisaGothicTegaki_Regular.png
31,kana_images/ひ/ひ-851MkPOP_Regular.png
31,kana_images/ひ/ひ-ArmedBanana_Regular.png
31,kana_images/ひ/ひ-Chihaya_Jyun_Regular.png
31,kana_images/ひ/ひ-darts_font_Regular.png
31,kana_images/ひ/ひ-Dining_message_Regular.png
31,kana_images/ひ/ひ-ElmerFont_Regular.png
31,kana_images/ひ/ひ-Ghatee_Regular.png
31,kana_images/ひ/ひ-Gyate-Luminescence_Regular.png
31,kana_images/ひ/ひ-HGKyokashotai_Medium.png
31,kana_images/ひ/ひ-HonyaJi-Re_Regular.png
31,kana_images/ひ/ひ-HuiFont_Regular.png
31,kana_images/ひ/ひ-IPAGothic_Regular.png
31,kana_images/ひ/ひ-Jiyucho_Regular.png
31,kana_images/ひ/ひ-KanjiStrokeOrders_Regular.png
31,kana_images/ひ/ひ-kouichi_sakurai_font_felt_pen_Regular.png
31,kana_images/ひ/ひ-K_Gothic_Regular.png
31,kana_images/ひ/ひ-MakibaFont_Regular.png
31,kana_images/ひ/ひ-mikachan_Regular.png
31,kana_images/ひ/ひ-Mikiyu_Font_NEW-PENJI-_P__Regular.png
31,kana_images/ひ/ひ-mitsufont2_Regular.png
31,kana_images/ひ/ひ-MotoyaLCedar_W3_mono.png
31,kana_images/ひ/ひ-MotoyaLMaru_W3_mono.png
31,kana_images/ひ/ひ-Mplus_1p_Light_Regular.png
31,kana_images/ひ/ひ-Mplus_1p_Regular.png
31,kana_images/ひ/ひ-Mplus_1p_Thin_Regular.png
31,kana_images/ひ/ひ-Mushin_Regular.png
31,kana_images/ひ/ひ-Nagurigaki_Crayon_Regular.png
31,kana_images/ひ/ひ-SanafonKazariV2_70_Regular.png
31,kana_images/ひ/ひ-SanafonMaru_Regular.png
31,kana_images/ひ/ひ-SanafonMugiV2_60_Regular.png
31,kana_images/ひ/ひ-SanafonYu_Regular.png
31,kana_images/ひ/ひ-SanaFon_Regular.png
31,kana_images/ひ/ひ-ShigotoMemogaki_Regular.png
31,kana_images/ひ/ひ-SistersFS_Regular.png
31,kana_images/ひ/ひ-YOzFontA-Pro-B_B.png
31,kana_images/ひ/ひ-YOzFontA-Pro-R_Regular.png
31,kana_images/ひ/ひ-yutaCoco-P-OT-Regular_Regular.png
31,kana_images/ひ/ひ-Yuzu_PenJiN_M__Regular.png
32,kana_images/ふ/ふ-07YsashisaGothicTegaki_Regular.png
32,kana_images/ふ/ふ-851MkPOP_Regular.png
32,kana_images/ふ/ふ-ArmedBanana_Regular.png
32,kana_images/ふ/ふ-Chihaya_Jyun_Regular.png
32,kana_images/ふ/ふ-darts_font_Regular.png
32,kana_images/ふ/ふ-Dining_message_Regular.png
32,kana_images/ふ/ふ-ElmerFont_Regular.png
32,kana_images/ふ/ふ-Ghatee_Regular.png
32,kana_images/ふ/ふ-Gyate-Luminescence_Regular.png
32,kana_images/ふ/ふ-HGKyokashotai_Medium.png
32,kana_images/ふ/ふ-HonyaJi-Re_Regular.png
32,kana_images/ふ/ふ-HuiFont_Regular.png
32,kana_images/ふ/ふ-IPAGothic_Regular.png
32,kana_images/ふ/ふ-Jiyucho_Regular.png
32,kana_images/ふ/ふ-KanjiStrokeOrders_Regular.png
32,kana_images/ふ/ふ-kouichi_sakurai_font_felt_pen_Regular.png
32,kana_images/ふ/ふ-K_Gothic_Regular.png
32,kana_images/ふ/ふ-MakibaFont_Regular.png
32,kana_images/ふ/ふ-mikachan_Regular.png
32,kana_images/ふ/ふ-Mikiyu_Font_NEW-PENJI-_P__Regular.png
32,kana_images/ふ/ふ-mitsufont2_Regular.png
32,kana_images/ふ/ふ-MotoyaLCedar_W3_mono.png
32,kana_images/ふ/ふ-MotoyaLMaru_W3_mono.png
32,kana_images/ふ/ふ-Mplus_1p_Light_Regular.png
32,kana_images/ふ/ふ-Mplus_1p_Regular.png
32,kana_images/ふ/ふ-Mplus_1p_Thin_Regular.png
32,kana_images/ふ/ふ-Mushin_Regular.png
32,kana_images/ふ/ふ-Nagurigaki_Crayon_Regular.png
32,kana_images/ふ/ふ-SanafonKazariV2_70_Regular.png
32,kana_images/ふ/ふ-SanafonMaru_Regular.png
32,kana_images/ふ/ふ-SanafonMugiV2_60_Regular.png
32,kana_images/ふ/ふ-SanafonYu_Regular.png
32,kana_images/ふ/ふ-SanaFon_Regular.png
32,kana_images/ふ/ふ-ShigotoMemogaki_Regular.png
32,kana_images/ふ/ふ-SistersFS_Regular.png
32,kana_images/ふ/ふ-YOzFontA-Pro-B_B.png
32,kana_images/ふ/ふ-YOzFontA-Pro-R_Regular.png
32,kana_images/ふ/ふ-yutaCoco-P-OT-Regular_Regular.png
32,kana_images/ふ/ふ-Yuzu_PenJiN_M__Regular.png
33,kana_images/へ/へ-07YsashisaGothicTegaki_Regular.png
33,kana_images/へ/へ-851MkPOP_Regular.png
33,kana_images/へ/へ-ArmedBanana_Regular.png
33,kana_images/へ/へ-Chihaya_Jyun_Regular.png
33,kana_images/へ/へ-darts_font_Regular.png
33,kana_images/へ/へ-Dining_message_Regular.png
33,kana_images/へ/へ-ElmerFont_Regular.png
33,kana_images/へ/へ-Ghatee_Regular.png
33,kana_images/へ/へ-Gyate-Luminescence_Regular.png
33,kana_images/へ/へ-HGKyokashotai_Medium.png
33,kana_images/へ/へ-HonyaJi-Re_Regular.png
33,kana_images/へ/へ-HuiFont_Regular.png
33,kana_images/へ/へ-IPAGothic_Regular.png
33,kana_images/へ/へ-Jiyucho_Regular.png
33,kana_images/へ/へ-KanjiStrokeOrders_Regular.png
33,kana_images/へ/へ-kouichi_sakurai_font_felt_pen_Regular.png
33,kana_images/へ/へ-K_Gothic_Regular.png
33,kana_images/へ/へ-MakibaFont_Regular.png
33,kana_images/へ/へ-mikachan_Regular.png
33,kana_images/へ/へ-Mikiyu_Font_NEW-PENJI-_P__Regular.png
33,kana_images/へ/へ-mitsufont2_Regular.png
33,kana_images/へ/へ-MotoyaLCedar_W3_mono.png
33,kana_images/へ/へ-MotoyaLMaru_W3_mono.png
33,kana_images/へ/へ-Mplus_1p_Light_Regular.png
33,kana_images/へ/へ-Mplus_1p_Regular.png
33,kana_images/へ/へ-Mplus_1p_Thin_Regular.png
33,kana_images/へ/へ-Mushin_Regular.png
33,kana_images/へ/へ-Nagurigaki_Crayon_Regular.png
33,kana_images/へ/へ-SanafonKazariV2_70_Regular.png
33,kana_images/へ/へ-SanafonMaru_Regular.png
33,kana_images/へ/へ-SanafonMugiV2_60_Regular.png
33,kana_images/へ/へ-SanafonYu_Regular.png
33,kana_images/へ/へ-SanaFon_Regular.png
33,kana_images/へ/へ-ShigotoMemogaki_Regular.png
33,kana_images/へ/へ-SistersFS_Regular.png
33,kana_images/へ/へ-YOzFontA-Pro-B_B.png
33,kana_images/へ/へ-YOzFontA-Pro-R_Regular.png
33,kana_images/へ/へ-yutaCoco-P-OT-Regular_Regular.png
33,kana_images/へ/へ-Yuzu_PenJiN_M__Regular.png
34,kana_images/ほ/ほ-07YsashisaGothicTegaki_Regular.png
34,kana_images/ほ/ほ-851MkPOP_Regular.png
34,kana_images/ほ/ほ-ArmedBanana_Regular.png
34,kana_images/ほ/ほ-Chihaya_Jyun_Regular.png
34,kana_images/ほ/ほ-darts_font_Regular.png
34,kana_images/ほ/ほ-Dining_message_Regular.png
34,kana_images/ほ/ほ-ElmerFont_Regular.png
34,kana_images/ほ/ほ-Ghatee_Regular.png
34,kana_images/ほ/ほ-Gyate-Luminescence_Regular.png
34,kana_images/ほ/ほ-HGKyokashotai_Medium.png
34,kana_images/ほ/ほ-HonyaJi-Re_Regular.png
34,kana_images/ほ/ほ-HuiFont_Regular.png
34,kana_images/ほ/ほ-IPAGothic_Regular.png
34,kana_images/ほ/ほ-Jiyucho_Regular.png
34,kana_images/ほ/ほ-KanjiStrokeOrders_Regular.png
34,kana_images/ほ/ほ-kouichi_sakurai_font_felt_pen_Regular.png
34,kana_images/ほ/ほ-K_Gothic_Regular.png
34,kana_images/ほ/ほ-MakibaFont_Regular.png
34,kana_images/ほ/ほ-mikachan_Regular.png
34,kana_images/ほ/ほ-Mikiyu_Font_NEW-PENJI-_P__Regular.png
34,kana_images/ほ/ほ-mitsufont2_Regular.png
34,kana_images/ほ/ほ-MotoyaLCedar_W3_mono.png
34,kana_images/ほ/ほ-MotoyaLMaru_W3_mono.png
34,kana_images/ほ/ほ-Mplus_1p_Light_Regular.png
34,kana_images/ほ/ほ-Mplus_1p_Regular.png
34,kana_images/ほ/ほ-Mplus_1p_Thin_Regular.png
34,kana_images/ほ/ほ-Mushin_Regular.png
34,kana_images/ほ/ほ-Nagurigaki_Crayon_Regular.png
34,kana_images/ほ/ほ-SanafonKazariV2_70_Regular.png
34,kana_images/ほ/ほ-SanafonMaru_Regular.png
34,kana_images/ほ/ほ-SanafonMugiV2_60_Regular.png
34,kana_images/ほ/ほ-SanafonYu_Regular.png
34,kana_images/ほ/ほ-SanaFon_Regular.png
34,kana_images/ほ/ほ-ShigotoMemogaki_Regular.png
34,kana_images/ほ/ほ-SistersFS_Regular.png
34,kana_images/ほ/ほ-YOzFontA-Pro-B_B.png
34,kana_images/ほ/ほ-YOzFontA-Pro-R_Regular.png
34,kana_images/ほ/ほ-yutaCoco-P-OT-Regular_Regular.png
34,kana_images/ほ/ほ-Yuzu_PenJiN_M__Regular.png
35,kana_images/や/や-07YsashisaGothicTegaki_Regular.png
35,kana_images/や/や-851MkPOP_Regular.png
35,kana_images/や/や-ArmedBanana_Regular.png
35,kana_images/や/や-Chihaya_Jyun_Regular.png
35,kana_images/や/や-darts_font_Regular.png
35,kana_images/や/や-Dining_message_Regular.png
35,kana_images/や/や-ElmerFont_Regular.png
35,kana_images/や/や-Ghatee_Regular.png
35,kana_images/や/や-Gyate-Luminescence_Regular.png
35,kana_images/や/や-HGKyokashotai_Medium.png
35,kana_images/や/や-HonyaJi-Re_Regular.png
35,kana_images/や/や-HuiFont_Regular.png
35,kana_images/や/や-IPAGothic_Regular.png
35,kana_images/や/や-Jiyucho_Regular.png
35,kana_images/や/や-KanjiStrokeOrders_Regular.png
35,kana_images/や/や-kouichi_sakurai_font_felt_pen_Regular.png
35,kana_images/や/や-K_Gothic_Regular.png
35,kana_images/や/や-MakibaFont_Regular.png
35,kana_images/や/や-mikachan_Regular.png
35,kana_images/や/や-Mikiyu_Font_NEW-PENJI-_P__Regular.png
35,kana_images/や/や-mitsufont2_Regular.png
35,kana_images/や/や-MotoyaLCedar_W3_mono.png
35,kana_images/や/や-MotoyaLMaru_W3_mono.png
35,kana_images/や/や-Mplus_1p_Light_Regular.png
35,kana_images/や/や-Mplus_1p_Regular.png
35,kana_images/や/や-Mplus_1p_Thin_Regular.png
35,kana_images/や/や-Mushin_Regular.png
35,kana_images/や/や-Nagurigaki_Crayon_Regular.png
35,kana_images/や/や-SanafonKazariV2_70_Regular.png
35,kana_images/や/や-SanafonMaru_Regular.png
35,kana_images/や/や-SanafonMugiV2_60_Regular.png
35,kana_images/や/や-SanafonYu_Regular.png
35,kana_images/や/や-SanaFon_Regular.png
35,kana_images/や/や-ShigotoMemogaki_Regular.png
35,kana_images/や/や-SistersFS_Regular.png
35,kana_images/や/や-YOzFontA-Pro-B_B.png
35,kana_images/や/や-YOzFontA-Pro-R_Regular.png
35,kana_images/や/や-yutaCoco-P-OT-Regular_Regular.png
35,kana_images/や/や-Yuzu_PenJiN_M__Regular.png
36,kana_images/ゆ/ゆ-07YsashisaGothicTegaki_Regular.png
36,kana_images/ゆ/ゆ-851MkPOP_Regular.png
36,kana_images/ゆ/ゆ-ArmedBanana_Regular.png
36,kana_images/ゆ/ゆ-Chihaya_Jyun_Regular.png
36,kana_images/ゆ/ゆ-darts_font_Regular.png
36,kana_images/ゆ/ゆ-Dining_message_Regular.png
36,kana_images/ゆ/ゆ-ElmerFont_Regular.png
36,kana_images/ゆ/ゆ-Ghatee_Regular.png
36,kana_images/ゆ/ゆ-Gyate-Luminescence_Regular.png
36,kana_images/ゆ/ゆ-HGKyokashotai_Medium.png
36,kana_images/ゆ/ゆ-HonyaJi-Re_Regular.png
36,kana_images/ゆ/ゆ-HuiFont_Regular.png
36,kana_images/ゆ/ゆ-IPAGothic_Regular.png
36,kana_images/ゆ/ゆ-Jiyucho_Regular.png
36,kana_images/ゆ/ゆ-KanjiStrokeOrders_Regular.png
36,kana_images/ゆ/ゆ-kouichi_sakurai_font_felt_pen_Regular.png
36,kana_images/ゆ/ゆ-K_Gothic_Regular.png
36,kana_images/ゆ/ゆ-MakibaFont_Regular.png
36,kana_images/ゆ/ゆ-mikachan_Regular.png
36,kana_images/ゆ/ゆ-Mikiyu_Font_NEW-PENJI-_P__Regular.png
36,kana_images/ゆ/ゆ-mitsufont2_Regular.png
36,kana_images/ゆ/ゆ-MotoyaLCedar_W3_mono.png
36,kana_images/ゆ/ゆ-MotoyaLMaru_W3_mono.png
36,kana_images/ゆ/ゆ-Mplus_1p_Light_Regular.png
36,kana_images/ゆ/ゆ-Mplus_1p_Regular.png
36,kana_images/ゆ/ゆ-Mplus_1p_Thin_Regular.png
36,kana_images/ゆ/ゆ-Mushin_Regular.png
36,kana_images/ゆ/ゆ-Nagurigaki_Crayon_Regular.png
36,kana_images/ゆ/ゆ-SanafonKazariV2_70_Regular.png
36,kana_images/ゆ/ゆ-SanafonMaru_Regular.png
36,kana_images/ゆ/ゆ-SanafonMugiV2_60_Regular.png
36,kana_images/ゆ/ゆ-SanafonYu_Regular.png
36,kana_images/ゆ/ゆ-SanaFon_Regular.png
36,kana_images/ゆ/ゆ-ShigotoMemogaki_Regular.png
36,kana_images/ゆ/ゆ-SistersFS_Regular.png
36,kana_images/ゆ/ゆ-YOzFontA-Pro-B_B.png
36,kana_images/ゆ/ゆ-YOzFontA-Pro-R_Regular.png
36,kana_images/ゆ/ゆ-yutaCoco-P-OT-Regular_Regular.png
36,kana_images/ゆ/ゆ-Yuzu_PenJiN_M__Regular.png
37,kana_images/よ/よ-07YsashisaGothicTegaki_Regular.png
37,kana_images/よ/よ-851MkPOP_Regular.png
37,kana_images/よ/よ-ArmedBanana_Regular.png
37,kana_images/よ/よ-Chihaya_Jyun_Regular.png
37,kana_images/よ/よ-darts_font_Regular.png
37,kana_images/よ/よ-Dining_message_Regular.png
37,kana_images/よ/よ-ElmerFont_Regular.png
37,kana_images/よ/よ-Ghatee_Regular.png
37,kana_images/よ/よ-Gyate-Luminescence_Regular.png
37,kana_images/よ/よ-HGKyokashotai_Medium.png
37,kana_images/よ/よ-HonyaJi-Re_Regular.png
37,kana_images/よ/よ-HuiFont_Regular.png
37,kana_images/よ/よ-IPAGothic_Regular.png
37,kana_images/よ/よ-Jiyucho_Regular.png
37,kana_images/よ/よ-KanjiStrokeOrders_Regular.png
37,kana_images/よ/よ-kouichi_sakurai_font_felt_pen_Regular.png
37,kana_images/よ/よ-K_Gothic_Regular.png
37,kana_images/よ/よ-MakibaFont_Regular.png
37,kana_images/よ/よ-mikachan_Regular.png
37,kana_images/よ/よ-Mikiyu_Font_NEW-PENJI-_P__Regular.png
37,kana_images/よ/よ-mitsufont2_Regular.png
37,kana_images/よ/よ-MotoyaLCedar_W3_mono.png
37,kana_images/よ/よ-MotoyaLMaru_W3_mono.png
37,kana_images/よ/よ-Mplus_1p_Light_Regular.png
37,kana_images/よ/よ-Mplus_1p_Regular.png
37,kana_images/よ/よ-Mplus_1p_Thin_Regular.png
37,kana_images/よ/よ-Mushin_Regular.png
37,kana_images/よ/よ-Nagurigaki_Crayon_Regular.png
37,kana_images/よ/よ-SanafonKazariV2_70_Regular.png
37,kana_images/よ/よ-SanafonMaru_Regular.png
37,kana_images/よ/よ-SanafonMugiV2_60_Regular.png
37,kana_images/よ/よ-SanafonYu_Regular.png
37,kana_images/よ/よ-SanaFon_Regular.png
37,kana_images/よ/よ-ShigotoMemogaki_Regular.png
37,kana_images/よ/よ-SistersFS_Regular.png
37,kana_images/よ/よ-YOzFontA-Pro-B_B.png
37,kana_images/よ/よ-YOzFontA-Pro-R_Regular.png
37,kana_images/よ/よ-yutaCoco-P-OT-Regular_Regular.png
37,kana_images/よ/よ-Yuzu_PenJiN_M__Regular.png
38,kana_images/ら/ら-07YsashisaGothicTegaki_Regular.png
38,kana_images/ら/ら-851MkPOP_Regular.png
38,kana_images/ら/ら-ArmedBanana_Regular.png
38,kana_images/ら/ら-Chihaya_Jyun_Regular.png
38,kana_images/ら/ら-darts_font_Regular.png
38,kana_images/ら/ら-Dining_message_Regular.png
38,kana_images/ら/ら-ElmerFont_Regular.png
38,kana_images/ら/ら-Ghatee_Regular.png
38,kana_images/ら/ら-Gyate-Luminescence_Regular.png
38,kana_images/ら/ら-HGKyokashotai_Medium.png
38,kana_images/ら/ら-HonyaJi-Re_Regular.png
38,kana_images/ら/ら-HuiFont_Regular.png
38,kana_images/ら/ら-IPAGothic_Regular.png
38,kana_images/ら/ら-Jiyucho_Regular.png
38,kana_images/ら/ら-KanjiStrokeOrders_Regular.png
38,kana_images/ら/ら-kouichi_sakurai_font_felt_pen_Regular.png
38,kana_images/ら/ら-K_Gothic_Regular.png
38,kana_images/ら/ら-MakibaFont_Regular.png
38,kana_images/ら/ら-mikachan_Regular.png
38,kana_images/ら/ら-Mikiyu_Font_NEW-PENJI-_P__Regular.png
38,kana_images/ら/ら-mitsufont2_Regular.png
38,kana_images/ら/ら-MotoyaLCedar_W3_mono.png
38,kana_images/ら/ら-MotoyaLMaru_W3_mono.png
38,kana_images/ら/ら-Mplus_1p_Light_Regular.png
38,kana_images/ら/ら-Mplus_1p_Regular.png
38,kana_images/ら/ら-Mplus_1p_Thin_Regular.png
38,kana_images/ら/ら-Mushin_Regular.png
38,kana_images/ら/ら-Nagurigaki_Crayon_Regular.png
38,kana_images/ら/ら-SanafonKazariV2_70_Regular.png
38,kana_images/ら/ら-SanafonMaru_Regular.png
38,kana_images/ら/ら-SanafonMugiV2_60_Regular.png
38,kana_images/ら/ら-SanafonYu_Regular.png
38,kana_images/ら/ら-SanaFon_Regular.png
38,kana_images/ら/ら-ShigotoMemogaki_Regular.png
38,kana_images/ら/ら-SistersFS_Regular.png
38,kana_images/ら/ら-YOzFontA-Pro-B_B.png
38,kana_images/ら/ら-YOzFontA-Pro-R_Regular.png
38,kana_images/ら/ら-yutaCoco-P-OT-Regular_Regular.png
38,kana_images/ら/ら-Yuzu_PenJiN_M__Regular.png
39,kana_images/り/り-07YsashisaGothicTegaki_Regular.png
39,kana_images/り/り-851MkPOP_Regular.png
39,kana_images/り/り-ArmedBanana_Regular.png
39,kana_images/り/り-Chihaya_Jyun_Regular.png
39,kana_images/り/り-darts_font_Regular.png
39,kana_images/り/り-Dining_message_Regular.png
39,kana_images/り/り-ElmerFont_Regular.png
39,kana_images/り/り-Ghatee_Regular.png
39,kana_images/り/り-Gyate-Luminescence_Regular.png
39,kana_images/り/り-HGKyokashotai_Medium.png
39,kana_images/り/り-HonyaJi-Re_Regular.png
39,kana_images/り/り-HuiFont_Regular.png
39,kana_images/り/り-IPAGothic_Regular.png
39,kana_images/り/り-Jiyucho_Regular.png
39,kana_images/り/り-KanjiStrokeOrders_Regular.png
39,kana_images/り/り-kouichi_sakurai_font_felt_pen_Regular.png
39,kana_images/り/り-K_Gothic_Regular.png
39,kana_images/り/り-MakibaFont_Regular.png
39,kana_images/り/り-mikachan_Regular.png
39,kana_images/り/り-Mikiyu_Font_NEW-PENJI-_P__Regular.png
39,kana_images/り/り-mitsufont2_Regular.png
39,kana_images/り/り-MotoyaLCedar_W3_mono.png
39,kana_images/り/り-MotoyaLMaru_W3_mono.png
39,kana_images/り/り-Mplus_1p_Light_Regular.png
39,kana_images/り/り-Mplus_1p_Regular.png
39,kana_images/り/り-Mplus_1p_Thin_Regular.png
39,kana_images/り/り-Mushin_Regular.png
39,kana_images/り/り-Nagurigaki_Crayon_Regular.png
39,kana_images/り/り-SanafonKazariV2_70_Regular.png
39,kana_images/り/り-SanafonMaru_Regular.png
39,kana_images/り/り-SanafonMugiV2_60_Regular.png
39,kana_images/り/り-SanafonYu_Regular.png
39,kana_images/り/り-SanaFon_Regular.png
39,kana_images/り/り-ShigotoMemogaki_Regular.png
39,kana_images/り/り-SistersFS_Regular.png
39,kana_images/り/り-YOzFontA-Pro-B_B.png
39,kana_images/り/り-YOzFontA-Pro-R_Regular.png
39,kana_images/り/り-yutaCoco-P-OT-Regular_Regular.png
39,kana_images/り/り-Yuzu_PenJiN_M__Regular.png
40,kana_images/る/る-07YsashisaGothicTegaki_Regular.png
40,kana_images/る/る-851MkPOP_Regular.png
40,kana_images/る/る-ArmedBanana_Regular.png
40,kana_images/る/る-Chihaya_Jyun_Regular.png
40,kana_images/る/る-darts_font_Regular.png
40,kana_images/る/る-Dining_message_Regular.png
40,kana_images/る/る-ElmerFont_Regular.png
40,kana_images/る/る-Ghatee_Regular.png
40,kana_images/る/る-Gyate-Luminescence_Regular.png
40,kana_images/る/る-HGKyokashotai_Medium.png
40,kana_images/る/る-HonyaJi-Re_Regular.png
40,kana_images/る/る-HuiFont_Regular.png
40,kana_images/る/る-IPAGothic_Regular.png
40,kana_images/る/る-Jiyucho_Regular.png
40,kana_images/る/る-KanjiStrokeOrders_Regular.png
40,kana_images/る/る-kouichi_sakurai_font_felt_pen_Regular.png
40,kana_images/る/る-K_Gothic_Regular.png
40,kana_images/る/る-MakibaFont_Regular.png
40,kana_images/る/る-mikachan_Regular.png
40,kana_images/る/る-Mikiyu_Font_NEW-PENJI-_P__Regular.png
40,kana_images/る/る-mitsufont2_Regular.png
40,kana_images/る/る-MotoyaLCedar_W3_mono.png
40,kana_images/る/る-MotoyaLMaru_W3_mono.png
40,kana_images/る/る-Mplus_1p_Light_Regular.png
40,kana_images/る/る-Mplus_1p_Regular.png
40,kana_images/る/る-Mplus_1p_Thin_Regular.png
40,kana_images/る/る-Mushin_Regular.png
40,kana_images/る/る-Nagurigaki_Crayon_Regular.png
40,kana_images/る/る-SanafonKazariV2_70_Regular.png
40,kana_images/る/る-SanafonMaru_Regular.png
40,kana_images/る/る-SanafonMugiV2_60_Regular.png
40,kana_images/る/る-SanafonYu_Regular.png
40,kana_images/る/る-SanaFon_Regular.png
40,kana_images/る/る-ShigotoMemogaki_Regular.png
40,kana_images/る/る-SistersFS_Regular.png
40,kana_images/る/る-YOzFontA-Pro-B_B.png
40,kana_images/る/る-YOzFontA-Pro-R_Regular.png
40,kana_images/る/る-yutaCoco-P-OT-Regular_Regular.png
40,kana_images/る/る-Yuzu_PenJiN_M__Regular.png
41,kana_images/れ/れ-07YsashisaGothicTegaki_Regular.png
41,kana_images/れ/れ-851MkPOP_Regular.png
41,kana_images/れ/れ-ArmedBanana_Regular.png
41,kana_images/れ/れ-Chihaya_Jyun_Regular.png
41,kana_images/れ/れ-darts_font_Regular.png
41,kana_images/れ/れ-Dining_message_Regular.png
41,kana_images/れ/れ-ElmerFont_Regular.png
41,kana_images/れ/れ-Ghatee_Regular.png
41,kana_images/れ/れ-Gyate-Luminescence_Regular.png
41,kana_images/れ/れ-HGKyokashotai_Medium.png
41,kana_images/れ/れ-HonyaJi-Re_Regular.png
41,kana_images/れ/れ-HuiFont_Regular.png
41,kana_images/れ/れ-IPAGothic_Regular.png
41,kana_images/れ/れ-Jiyucho_Regular.png
41,kana_images/れ/れ-KanjiStrokeOrders_Regular.png
41,kana_images/れ/れ-kouichi_sakurai_font_felt_pen_Regular.png
41,kana_images/れ/れ-K_Gothic_Regular.png
41,kana_images/れ/れ-MakibaFont_Regular.png
41,kana_images/れ/れ-mikachan_Regular.png
41,kana_images/れ/れ-Mikiyu_Font_NEW-PENJI-_P__Regular.png
41,kana_images/れ/れ-mitsufont2_Regular.png
41,kana_images/れ/れ-MotoyaLCedar_W3_mono.png
41,kana_images/れ/れ-MotoyaLMaru_W3_mono.png
41,kana_images/れ/れ-Mplus_1p_Light_Regular.png
41,kana_images/れ/れ-Mplus_1p_Regular.png
41,kana_images/れ/れ-Mplus_1p_Thin_Regular.png
41,kana_images/れ/れ-Mushin_Regular.png
41,kana_images/れ/れ-Nagurigaki_Crayon_Regular.png
41,kana_images/れ/れ-SanafonKazariV2_70_Regular.png
41,kana_images/れ/れ-SanafonMaru_Regular.png
41,kana_images/れ/れ-SanafonMugiV2_60_Regular.png
41,kana_images/れ/れ-SanafonYu_Regular.png
41,kana_images/れ/れ-SanaFon_Regular.png
41,kana_images/れ/れ-ShigotoMemogaki_Regular.png
41,kana_images/れ/れ-SistersFS_Regular.png
41,kana_images/れ/れ-YOzFontA-Pro-B_B.png
41,kana_images/れ/れ-YOzFontA-Pro-R_Regular.png
41,kana_images/れ/れ-yutaCoco-P-OT-Regular_Regular.png
41,kana_images/れ/れ-Yuzu_PenJiN_M__Regular.png
42,kana_images/ろ/ろ-07YsashisaGothicTegaki_Regular.png
42,kana_images/ろ/ろ-851MkPOP_Regular.png
42,kana_images/ろ/ろ-ArmedBanana_Regular.png
42,kana_images/ろ/ろ-Chihaya_Jyun_Regular.png
42,kana_images/ろ/ろ-darts_font_Regular.png
42,kana_images/ろ/ろ-Dining_message_Regular.png
42,kana_images/ろ/ろ-ElmerFont_Regular.png
42,kana_images/ろ/ろ-Ghatee_Regular.png
42,kana_images/ろ/ろ-Gyate-Luminescence_Regular.png
42,kana_images/ろ/ろ-HGKyokashotai_Medium.png
42,kana_images/ろ/ろ-HonyaJi-Re_Regular.png
42,kana_images/ろ/ろ-HuiFont_Regular.png
42,kana_images/ろ/ろ-IPAGothic_Regular.png
42,kana_images/ろ/ろ-Jiyucho_Regular.png
42,kana_images/ろ/ろ-KanjiStrokeOrders_Regular.png
42,kana_images/ろ/ろ-kouichi_sakurai_font_felt_pen_Regular.png
42,kana_images/ろ/ろ-K_Gothic_Regular.png
42,kana_images/ろ/ろ-MakibaFont_Regular.png
42,kana_images/ろ/ろ-mikachan_Regular.png
42,kana_images/ろ/ろ-Mikiyu_Font_NEW-PENJI-_P__Regular.png
42,kana_images/ろ/ろ-mitsufont2_Regular.png
42,kana_images/ろ/ろ-MotoyaLCedar_W3_mono.png
42,kana_images/ろ/ろ-MotoyaLMaru_W3_mono.png
42,kana_images/ろ/ろ-Mplus_1p_Light_Regular.png
42,kana_images/ろ/ろ-Mplus_1p_Regular.png
42,kana_images/ろ/ろ-Mplus_1p_Thin_Regular.png
42,kana_images/ろ/ろ-Mushin_Regular.png
42,kana_images/ろ/ろ-Nagurigaki_Crayon_Regular.png
42,kana_images/ろ/ろ-SanafonKazariV2_70_Regular.png
42,kana_images/ろ/ろ-SanafonMaru_Regular.png
42,kana_images/ろ/ろ-SanafonMugiV2_60_Regular.png
42,kana_images/ろ/ろ-SanafonYu_Regular.png
42,kana_images/ろ/ろ-SanaFon_Regular.png
42,kana_images/ろ/ろ-ShigotoMemogaki_Regular.png
42,kana_images/ろ/ろ-SistersFS_Regular.png
42,kana_images/ろ/ろ-YOzFontA-Pro-B_B.png
42,kana_images/ろ/ろ-YOzFontA-Pro-R_Regular.png
42,kana_images/ろ/ろ-yutaCoco-P-OT-Regular_Regular.png
42,kana_images/ろ/ろ-Yuzu_PenJiN_M__Regular.png
43,kana_images/わ/わ-07YsashisaGothicTegaki_Regular.png
43,kana_images/わ/わ-851MkPOP_Regular.png
43,kana_images/わ/わ-ArmedBanana_Regular.png
43,kana_images/わ/わ-Chihaya_Jyun_Regular.png
43,kana_images/わ/わ-darts_font_Regular.png
43,kana_images/わ/わ-Dining_message_Regular.png
43,kana_images/わ/わ-ElmerFont_Regular.png
43,kana_images/わ/わ-Ghatee_Regular.png
43,kana_images/わ/わ-Gyate-Luminescence_Regular.png
43,kana_images/わ/わ-HGKyokashotai_Medium.png
43,kana_images/わ/わ-HonyaJi-Re_Regular.png
43,kana_images/わ/わ-HuiFont_Regular.png
43,kana_images/わ/わ-IPAGothic_Regular.png
43,kana_images/わ/わ-Jiyucho_Regular.png
43,kana_images/わ/わ-KanjiStrokeOrders_Regular.png
43,kana_images/わ/わ-kouichi_sakurai_font_felt_pen_Regular.png
43,kana_images/わ/わ-K_Gothic_Regular.png
43,kana_images/わ/わ-MakibaFont_Regular.png
43,kana_images/わ/わ-mikachan_Regular.png
43,kana_images/わ/わ-Mikiyu_Font_NEW-PENJI-_P__Regular.png
43,kana_images/わ/わ-mitsufont2_Regular.png
43,kana_images/わ/わ-MotoyaLCedar_W3_mono.png
43,kana_images/わ/わ-MotoyaLMaru_W3_mono.png
43,kana_images/わ/わ-Mplus_1p_Light_Regular.png
43,kana_images/わ/わ-Mplus_1p_Regular.png
43,kana_images/わ/わ-Mplus_1p_Thin_Regular.png
43,kana_images/わ/わ-Mushin_Regular.png
43,kana_images/わ/わ-Nagurigaki_Crayon_Regular.png
43,kana_images/わ/わ-SanafonKazariV2_70_Regular.png
43,kana_images/わ/わ-SanafonMaru_Regular.png
43,kana_images/わ/わ-SanafonMugiV2_60_Regular.png
43,kana_images/わ/わ-SanafonYu_Regular.png
43,kana_images/わ/わ-SanaFon_Regular.png
43,kana_images/わ/わ-ShigotoMemogaki_Regular.png
43,kana_images/わ/わ-SistersFS_Regular.png
43,kana_images/わ/わ-YOzFontA-Pro-B_B.png
43,kana_images/わ/わ-YOzFontA-Pro-R_Regular.png
43,kana_images/わ/わ-yutaCoco-P-OT-Regular_Regular.png
43,kana_images/わ/わ-Yuzu_PenJiN_M__Regular.png
44,kana_images/ん/ん-07YsashisaGothicTegaki_Regular.png
44,kana_images/ん/ん-851MkPOP_Regular.png
44,kana_images/ん/ん-ArmedBanana_Regular.png
44,kana_images/ん/ん-Chihaya_Jyun_Regular.png
44,kana_images/ん/ん-darts_font_Regular.png
44,kana_images/ん/ん-Dining_message_Regular.png
44,kana_images/ん/ん-ElmerFont_Regular.png
44,kana_images/ん/ん-Ghatee_Regular.png
44,kana_images/ん/ん-Gyate-Luminescence_Regular.png
44,kana_images/ん/ん-HGKyokashotai_Medium.png
44,kana_images/ん/ん-HonyaJi-Re_Regular.png
44,kana_images/ん/ん-HuiFont_Regular.png
44,kana_images/ん/ん-IPAGothic_Regular.png
44,kana_images/ん/ん-Jiyucho_Regular.png
44,kana_images/ん/ん-KanjiStrokeOrders_Regular.png
44,kana_images/ん/ん-kouichi_sakurai_font_felt_pen_Regular.png
44,kana_images/ん/ん-K_Gothic_Regular.png
44,kana_images/ん/ん-MakibaFont_Regular.png
44,kana_images/ん/ん-mikachan_Regular.png
44,kana_images/ん/ん-Mikiyu_Font_NEW-PENJI-_P__Regular.png
44,kana_images/ん/ん-mitsufont2_Regular.png
44,kana_images/ん/ん-MotoyaLCedar_W3_mono.png
44,kana_images/ん/ん-MotoyaLMaru_W3_mono.png
44,kana_images/ん/ん-Mplus_1p_Light_Regular.png
44,kana_images/ん/ん-Mplus_1p_Regular.png
44,kana_images/ん/ん-Mplus_1p_Thin_Regular.png
44,kana_images/ん/ん-Mushin_Regular.png
44,kana_images/ん/ん-Nagurigaki_Crayon_Regular.png
44,kana_images/ん/ん-SanafonKazariV2_70_Regular.png
44,kana_images/ん/ん-SanafonMaru_Regular.png
44,kana_images/ん/ん-SanafonMugiV2_60_Regular.png
44,kana_images/ん/ん-SanafonYu_Regular.png
44,kana_images/ん/ん-SanaFon_Regular.png
44,kana_images/ん/ん-ShigotoMemogaki_Regular.png
44,kana_images/ん/ん-SistersFS_Regular.png
44,kana_images/ん/ん-YOzFontA-Pro-B_B.png
44,kana_images/ん/ん-YOzFontA-Pro-R_Regular.png
44,kana_images/ん/ん-yutaCoco-P-OT-Regular_Regular.png
44,kana_images/ん/ん-Yuzu_PenJiN_M__Regular.png
